id,name,part,rationale,params,SR8clk,SR8bp,SR12bp,t_vs_BMV,years,groups,regimes_up_dn,partition_adopt,mdd_at2pct,minYrSR,cvar5_bp_matched,dCVaR_bp,rule,verdict
BASE,B-MV,ref,reference (recomputed 8-clock; must match wave2 s3_floor SR 2.77),"ext3.book(D,S0,short_frac=.55,stop=.2,N=12,NS=20,leg_weights=minvar_floor)",2.77,2.62,2.36,,,,,,-25.1,1.74,297.0,,reference,reproduces wave2 s3_floor exactly (max |dnet| 2e-17)
L1,long_fw0_short_fw25,1,"alpha is in the short leg; funding tilt may be irrelevant/harmful for picking calm longs (longs pay funding but the long leg earns -2 bp) -> pure idio vol for longs, short score unchanged",long score fw=0; short score fw=0.25 (both AR1-corr idio 336h),2.56,2.41,2.16,-2.11,1/6,3/5,-2.3/-0.7,False,-32.2,1.37,302.0,-5.0,partition adopt & t>=2,FAIL
L2,long_fw0_short_fw40,1,crowded-long (high funding) names are the best shorts (earlier 2020-22 sweeps favoured fw .4-.5 jointly); raise funding weight only where alpha lives,long fw=0; short fw=0.40,2.57,2.40,2.13,-1.31,2/6,2/5,-0.5/-2.8,False,-28.0,1.16,309.1,-12.2,partition adopt & t>=2,FAIL
L3,long_fw25_short_fw40,1,same as L2 but leave long leg unchanged (isolates the short-side funding weight),long fw=0.25; short fw=0.40,2.67,2.50,2.22,-0.79,2/6,2/5,+0.1/-1.8,False,-28.6,1.13,302.9,-6.0,partition adopt & t>=2,FAIL
E1,ens_L_168_336_720,2,"parameter-risk reducer: average B-MV books with AR1-corrected idio windows 168/336/720 (phi estimated on same window, min_periods .6L); book eligibility window kept at 336",1/3 each of daily df and coin,2.66,2.50,2.23,-1.03,2/6,2/5,+0.3/-2.3,False,-29.7,1.34,297.3,-0.3,ensemble: CVaR@matched vol better & t>=-0.5 & minYrSR>=B-MV (or partition adopt & t>=2),FAIL ensemble rule
E2,ens_N_8_12_16,2,parameter-risk reducer: average B-MV books with N long in {8;12;16} (NS=20),1/3 each,2.83,2.67,2.41,+1.58,5/6,3/5,+0.9/-0.1,False,-25.3,1.84,295.7,+1.3,same as E1,formal PASS ensemble rule (dCVaR tiny)
P1,mv_shrink25,3,plateau (robustness only),shrink=0.25 (base 0.5),2.82,2.65,2.40,+1.69,5/6,5/5,+0.4/+0.2,True,-25.2,1.75,296.3,+0.7,"plateau of minvar (robustness only, no selection)",plateau neighbour
P2,mv_shrink75,3,plateau,shrink=0.75,2.72,2.56,2.32,-1.95,2/6,0/5,-0.6/-0.3,False,-24.7,1.65,298.2,-1.2,"plateau of minvar (robustness only, no selection)",plateau neighbour
P3,mv_cov168,3,plateau,cov window=168 (base 336),2.68,2.51,2.25,-0.93,2/6,2/5,-2.0/+0.9,False,-26.5,1.13,302.1,-5.1,"plateau of minvar (robustness only, no selection)",plateau neighbour
P4,mv_cov720,3,plateau,cov window=720,2.70,2.55,2.30,-0.87,3/6,1/5,-0.7/-0.4,False,-25.1,1.80,300.9,-3.9,"plateau of minvar (robustness only, no selection)",plateau neighbour
P5,mv_floor30,3,plateau,floor=0.3e (base 0.4e),2.76,2.60,2.34,-0.89,2/6,2/5,-0.2/-0.1,False,-25.8,1.72,296.1,+0.9,"plateau of minvar (robustness only, no selection)",plateau neighbour
P6,mv_floor50,3,plateau,floor=0.5e,2.79,2.63,2.39,+0.72,3/6,3/5,+0.1/+0.1,False,-24.4,1.72,298.0,-1.0,"plateau of minvar (robustness only, no selection)",plateau neighbour
P7,mv_cap15,3,plateau,cap=1.5e (base 2e),2.65,2.51,2.27,-2.80,1/6,2/5,-0.7/-1.1,False,-24.1,1.53,299.0,-2.0,"plateau of minvar (robustness only, no selection)",plateau neighbour
P8,mv_cap30,3,plateau,cap=3e,2.82,2.66,2.40,+1.59,5/6,4/5,+0.1/+0.7,True,-24.3,1.80,295.8,+1.2,"plateau of minvar (robustness only, no selection)",plateau neighbour
E2a,ens_N_6_12_18,2p,plateau of E2 (passed ensemble rule): wider N spread; registered after seeing E2/N8 results,N long in {6;12;18} 1/3 each,2.85,2.69,2.43,+1.50,5/6,3/5,+1.1/-0.1,False,-24.9,1.81,295.6,+1.4,plateau of E2 (robustness only),plateau: rule holds
E2b,ens_N_10_12_14,2p,plateau of E2: narrower N spread (registered after E2),N long in {10;12;14},2.76,2.60,2.35,-0.37,2/6,2/5,+0.2/-0.4,False,-23.2,1.68,298.1,-1.1,plateau of E2 (robustness only),plateau: rule fails
WF,walk_forward_N,2d,"diagnostic, not a trial: h.walk_forward over N-family {8;12;16} (+6;10;14;18 once run) vs B-MV, because N=8 alone passed the partition test post hoc",,,,,,,,,,,,,,"diagnostic, not a trial","WF picks N=8 in 5/5 years: wf SR 2.79 vs B-MV 2.59 (2021-25), t +2.34"
