id,name,family,rationale,params,SR,t_vs_B,years,groups,regimes_up_dn,adopt,mdd_at2pct,minYrSR,t_vs_LIVE,SR8bp,SR12bp,note
T01,sq_r72z_1.5,SQZ_R72,Squeezes are self-exciting: a short whose 72h BTC-residual cum return is already > k idio-sd (z=sum72 resid/(idio336*sqrt72)) is more likely mid-squeeze; skip it as a (new or held) short. Differs from tried rev72 score tilt: acts only as a conditional short veto.,short_ok = z72 <= 1.5,2.699,0.05,3/6,2/5,-0.10/0.26,False,-31.7,1.3,2.49,2.57,2.37,"worst_day_bp=-1859 to=0.426 yrdiff={2020: 1.26, 2021: 4.26, 2022: -2.02, 2023: -3.02, 2024: -0.25, 2025: 0.38} grp=[-860.6, -6.2, 1166.1, 188.3, -376.8]"
T02,sq_r72z_2.0,SQZ_R72,as T01,short_ok = z72 <= 2.0,2.693,-0.0,3/6,3/5,0.23/-0.29,False,-32.09,1.62,2.57,2.57,2.38,"worst_day_bp=-1760 to=0.413 yrdiff={2020: 0.71, 2021: 3.65, 2022: 0.56, 2023: -1.24, 2024: -1.49, 2025: -2.05} grp=[-1323.4, 1128.2, 740.4, 185.0, -1264.0]"
T03,sq_r72z_2.5,SQZ_R72,as T01,short_ok = z72 <= 2.5,2.695,0.02,2/6,1/5,-0.82/1.08,False,-29.11,1.49,2.86,2.58,2.39,"worst_day_bp=-1888 to=0.410 yrdiff={2020: -1.27, 2021: 2.71, 2022: -0.31, 2023: 0.52, 2024: -1.64, 2025: -0.14} grp=[-485.3, -74.6, 1044.6, -2.5, -1273.1]"
T04,sq_vsurge_3,SQZ_VOL,Volume surges (24h quote vol > k x its 30d daily avg) precede/accompany squeezes and pumps; veto short. Differs from tried vshock score tilt (conditional veto on short leg only).,short_ok = vsurge <= 3,2.542,-0.96,2/6,0/5,-1.50/-1.24,False,-34.65,1.39,1.6,2.42,2.22,"worst_day_bp=-1532 to=0.409 yrdiff={2020: 0.65, 2021: 1.69, 2022: -2.44, 2023: -3.72, 2024: -1.75, 2025: -2.27} grp=[-853.4, -317.7, -500.6, -828.9, -1768.8]"
T05,sq_vsurge_5,SQZ_VOL,as T04,short_ok = vsurge <= 5,2.743,0.39,3/6,3/5,1.21/-0.47,False,-29.35,1.27,2.78,2.63,2.44,"worst_day_bp=-1551 to=0.400 yrdiff={2020: 4.93, 2021: 3.78, 2022: -3.21, 2023: -1.58, 2024: -0.82, 2025: 0.56} grp=[51.2, -342.6, 872.4, 908.0, -1573.5]"
T06,sq_liq_0.80,SQZ_LIQ,Squeezes hit thin books; restrict shorts to the more liquid part of M (168h volume pct rank in U > q).,short_ok = lq > 0.80,1.855,-3.51,0/6,0/5,-8.64/-6.46,False,-45.4,0.21,-1.32,1.73,1.54,"worst_day_bp=-2728 to=0.437 yrdiff={2020: -2.16, 2021: -13.06, 2022: -6.07, 2023: -6.48, 2024: -6.71, 2025: -10.12} grp=[-6892.1, -3570.7, -2186.9, -2016.1, -1753.5]"
T07,sq_liq_0.90,SQZ_LIQ,as T06,short_ok = lq > 0.90,1.343,-3.96,0/6,0/5,-14.58/-9.57,False,-53.76,0.11,-2.47,1.22,1.02,"worst_day_bp=-3226 to=0.527 yrdiff={2020: -14.8, 2021: -13.95, 2022: -11.27, 2023: -4.28, 2024: -6.28, 2025: -23.54} grp=[-11036.6, -6109.0, -108.9, -2645.5, -2209.2]"
T08,sq_guard_-2bp,SQZ_GUARD,Negative funding = crowded shorts = squeeze fuel. Tighten the short funding guard from -5bp/day to -2bp/day.,guard=-2e-4,2.447,-2.13,1/6,1/5,-1.46/-3.24,False,-39.15,0.84,1.19,2.33,2.14,"worst_day_bp=-2826 to=0.438 yrdiff={2020: -0.67, 2021: -1.55, 2022: -5.32, 2023: 0.28, 2024: -3.01, 2025: -2.81} grp=[-1607.6, 1127.4, -366.6, -898.0, -1588.4]"
T09,sq_guard_0,SQZ_GUARD,as T08,guard=0,2.518,-1.26,0/6,3/5,-1.54/-1.68,False,-35.37,1.16,1.52,2.38,2.17,"worst_day_bp=-2104 to=0.485 yrdiff={2020: -2.51, 2021: -0.69, 2022: -2.59, 2023: -0.29, 2024: -2.72, 2025: -0.91} grp=[270.1, 733.9, -1388.5, 16.1, -1489.2]"
T10,ban_24h,BAN,"Stopped-out shorts are re-eligible 8h later under live rules; squeezes persist, so keep a stopped short banned for H hours.",ban_h=24,2.683,-0.09,4/6,2/5,-1.26/1.38,False,-29.44,1.6,2.56,2.57,2.38,"worst_day_bp=-1676 to=0.406 yrdiff={2020: 1.23, 2021: 2.58, 2022: 0.0, 2023: 1.14, 2024: -3.85, 2025: -1.37} grp=[-17.7, 1569.2, -1310.1, 369.2, -1384.9]"
T11,ban_72h,BAN,as T10,ban_h=72,2.639,-0.37,3/6,2/5,-1.69/1.02,False,-30.49,1.56,2.09,2.52,2.33,"worst_day_bp=-1612 to=0.404 yrdiff={2020: 1.0, 2021: 1.88, 2022: 0.75, 2023: -4.25, 2024: -0.12, 2025: -1.9} grp=[-1331.8, 2584.6, -1201.7, 1191.5, -2203.5]"
T12,ban_168h,BAN,as T10,ban_h=168,2.572,-0.56,3/6,2/5,-4.50/3.15,False,-39.25,1.45,1.41,2.45,2.25,"worst_day_bp=-854 to=0.402 yrdiff={2020: 1.29, 2021: 0.86, 2022: 3.87, 2023: -2.66, 2024: -2.8, 2025: -6.65} grp=[-1734.2, 631.7, -2316.9, 1231.8, -825.1]"
T13,rstop_0.15,RSTOP,"Raw-return stops fire on market-wide rallies that the BTC hedge already covers (bad exits, then ban). A stop on cumulative BTC-residual return targets idiosyncratic squeezes only.","resid_stop=True, stop=0.15",2.573,-0.95,1/6,1/5,-2.36/0.49,False,-37.96,0.95,2.15,2.45,2.26,"worst_day_bp=-1043 to=0.422 yrdiff={2020: -0.96, 2021: -4.83, 2022: 1.61, 2023: -0.01, 2024: -1.98, 2025: -0.31} grp=[-435.2, 761.7, -1017.5, -411.4, -824.1]"
T14,rstop_0.20,RSTOP,as T13,"resid_stop=True, stop=0.20",2.507,-1.43,3/6,0/5,-2.06/-1.24,False,-38.83,0.68,1.94,2.4,2.22,"worst_day_bp=-1127 to=0.393 yrdiff={2020: -4.72, 2021: -7.86, 2022: 0.42, 2023: 0.66, 2024: -1.44, 2025: 2.23} grp=[-1805.2, -278.4, -1267.9, -382.1, -589.2]"
T15,rstop_0.25,RSTOP,as T13,"resid_stop=True, stop=0.25",2.553,-1.02,2/6,1/5,-1.93/-0.46,False,-36.66,0.96,2.45,2.45,2.28,"worst_day_bp=-1386 to=0.373 yrdiff={2020: -5.66, 2021: -4.62, 2022: -1.17, 2023: 0.63, 2024: -1.5, 2025: 3.81} grp=[-441.8, -593.2, -1687.4, 310.5, -1693.9]"
T16,ladder_10_20,single,"Stop ladder: halve a short at +10%, exit at +20%: smoother loss path in squeezes than one binary stop.","half_at=0.10, stop=0.20",2.698,0.21,2/6,4/5,0.01/0.10,False,-29.89,1.5,2.93,2.57,2.35,"worst_day_bp=-1802 to=0.468 yrdiff={2020: -0.13, 2021: 0.86, 2022: -0.55, 2023: -0.31, 2024: -0.37, 2025: 0.77} grp=[-220.4, 498.6, 60.0, 345.2, 265.9]"
T17,short_invvol,single,Size shorts by 1/idio336 (clipped 0.5x..2x equal weight) so the jumpiest names carry less $ risk. Earlier inverse-vol test was both legs vs LIVE; this is short leg only vs B.,"leg_weights: long equal, short ∝ 1/idio clip[0.5,2]",2.776,0.99,4/6,3/5,0.53/1.07,False,-28.92,1.54,3.03,2.65,2.44,"worst_day_bp=-1123 to=0.423 yrdiff={2020: 0.54, 2021: 1.66, 2022: 1.27, 2023: -0.15, 2024: 2.33, 2025: -1.13} grp=[1326.9, 133.7, 508.0, -936.8, -188.3]"
T18,short_clusterw,single,"Concentration: weight each short ∝ 1/(1+sum_j max(rho_ij,0)) using 336h residual correlations among the shorts, so correlated clusters (same narrative/sector) share one risk budget.",leg_weights: short ∝ 1/(1+Σρ+),2.77,0.95,4/6,4/5,0.33/1.18,False,-30.05,1.51,3.35,2.65,2.45,"worst_day_bp=-2068 to=0.462 yrdiff={2020: -2.14, 2021: 1.01, 2022: 0.6, 2023: -0.76, 2024: 0.85, 2025: 4.11} grp=[250.9, 901.0, -31.4, 784.8, 868.9]"
T19,short_minvar,single,"Minimum-variance short leg: w ∝ Σ^-1 1 on 336h residual cov (50% shrink to diagonal), negatives clipped, cap 2x equal.",leg_weights: short minvar,2.837,0.76,4/6,3/5,0.40/2.49,False,-29.63,1.59,2.67,2.68,2.42,"worst_day_bp=-760 to=0.481 yrdiff={2020: -1.39, 2021: 2.88, 2022: 1.73, 2023: -1.92, 2024: 3.23, 2025: 2.82} grp=[2472.9, 545.1, 666.8, -980.2, -174.5]"
T20,hedge_crashbeta,single,"2022-06-13: 168h beta overstated shorts' crash participation. Beta estimated only on hours with |r_BTC| > rolling-720h sd(r_BTC), 720h window (fallback 168h beta).",HB=crash beta,2.684,-0.1,2/6,5/5,-0.68/0.67,False,-31.42,1.34,2.51,2.59,2.44,"worst_day_bp=-1465 to=0.324 yrdiff={2020: -2.14, 2021: -0.65, 2022: 3.02, 2023: -0.87, 2024: -1.1, 2025: 0.83} grp=[121.2, 116.0, 86.7, 98.2, 86.0]"
T21,hedge_downbeta,single,"Asymmetric hedge: use downside beta (hours with r_BTC<0, 336h window) - the beta relevant for crash days.",HB=down beta 336h,2.574,-1.18,3/6,0/5,-1.92/-0.03,False,-33.18,1.17,2.02,2.47,2.29,"worst_day_bp=-1297 to=0.390 yrdiff={2020: -6.22, 2021: -2.04, 2022: 0.64, 2023: 0.6, 2024: 0.79, 2025: -1.24} grp=[-72.3, -69.2, -51.7, -58.5, -51.3]"
T22,hedge_4hbeta,single,"Microstructure: 1h returns of alts lag BTC (asynchronous trading) -> biased 1h betas. Use beta from overlapping 4h returns, 672h window.",HB=4h beta,2.665,-0.34,3/6,0/5,-0.36/-0.11,False,-30.4,1.37,2.46,2.57,2.42,"worst_day_bp=-1914 to=0.334 yrdiff={2020: -1.98, 2021: -0.69, 2022: 1.05, 2023: 0.71, 2024: -1.45, 2025: 0.54} grp=[-60.5, -57.8, -43.2, -49.0, -42.9]"
T23,hedge_dimson,single,"Dimson beta (beta on r_BTC,t + beta on r_BTC,t-1, 168h) corrects the same lag bias in 1h returns.",HB=dimson beta,2.391,-3.24,0/6,0/5,-2.71/-2.82,False,-48.63,0.79,0.91,2.27,2.08,"worst_day_bp=-3030 to=0.450 yrdiff={2020: -4.06, 2021: -0.63, 2022: -5.19, 2023: -0.88, 2024: -2.21, 2025: -3.72} grp=[-519.4, -497.0, -371.3, -420.8, -368.3]"
T24,hedge_btceth,single,Two-factor hedge: bivariate regression of each coin on BTC and ETH (168h); hedge both. Alt beta is partly ETH beta; better factor fit -> smaller hedge error in tails.,"HB,HE bivariate",2.436,-2.1,1/6,0/5,-1.43/-3.50,False,-30.44,1.34,1.25,2.26,1.97,"worst_day_bp=-2241 to=0.652 yrdiff={2020: -1.64, 2021: 0.74, 2022: -1.44, 2023: -5.72, 2024: -3.12, 2025: -2.67} grp=[-60.0, -57.4, -42.9, -48.6, -42.6]"
T25,pc_adj_0.5,single,Gradual rebalance: trade half-way toward targets each 8h rebalance; smoother turnover and less whipsaw.,adj=0.5,2.736,0.74,4/6,2/5,0.80/-0.11,False,-28.97,1.57,3.26,2.63,2.45,"worst_day_bp=-1660 to=0.373 yrdiff={2020: 0.84, 2021: 1.62, 2022: -0.05, 2023: 0.27, 2024: -0.62, 2025: 0.4} grp=[-330.8, 1507.5, -437.1, -690.1, 540.2]"
T26,pc_riskparity_legs,single,Risk-parity legs: set long/short leg gross inversely proportional to average idio of the leg names (total gross 1). Expected to hurt (alpha in short leg) - included because asked.,leg_weights riskparity,0.724,-4.82,1/6,0/5,-20.82/-14.53,False,-52.34,-0.18,-4.12,0.61,0.44,"worst_day_bp=-1353 to=0.325 yrdiff={2020: -26.15, 2021: 1.75, 2022: -5.67, 2023: -17.37, 2024: -24.56, 2025: -36.99} grp=[-5282.1, -6826.8, -2049.7, -5772.5, -5943.5]"
T27,ex_disp,single,"Cross-sectional dispersion of 24h residual returns in M high = squeeze/pump environment; gross = clip(median_90d(disp)/disp,0.5,1), daily, lagged 1d.",gross from dispersion,2.567,-1.39,1/6,3/5,-2.30/0.30,False,-32.33,1.24,1.9,2.41,2.15,"worst_day_bp=-1307 to=0.484 yrdiff={2020: -4.86, 2021: -1.46, 2022: -1.73, 2023: -0.8, 2024: -0.37, 2025: 1.65} grp=[364.2, -448.5, 1202.2, -509.6, 63.1]"
T28,ex_fund_q0.8,EX_FUND,"Aggregate funding in M (crowded leveraged alt longs = alt-season) predicts short squeezes; gross 0.5 when mean M funding > expanding q-quantile of its own past (min 60d), lagged.",gross 0.5 if fund>q0.8,2.605,-0.88,2/6,3/5,-2.27/1.03,False,-32.64,1.35,1.93,2.48,2.29,"worst_day_bp=-1888 to=0.406 yrdiff={2020: -1.47, 2021: -1.88, 2022: 1.15, 2023: -1.17, 2024: -4.54, 2025: 2.99} grp=[406.5, 220.8, 156.5, -670.8, -770.2]"
T29,ex_fund_q0.9,EX_FUND,as T28,q=0.9,2.654,-0.5,3/6,2/5,-1.13/0.63,False,-31.2,1.31,2.34,2.53,2.34,"worst_day_bp=-1888 to=0.410 yrdiff={2020: -1.58, 2021: -1.97, 2022: 0.57, 2023: 0.83, 2024: -1.68, 2025: 1.49} grp=[-90.3, 546.6, 173.3, -502.0, -539.4]"
T30,ex_altseason_q0.8,EX_ALT,Alt-season indicator: median over M of 336h cumulative residual return (alts beating their BTC beta). Mar 2021 squeeze was alt-season. Gross 0.5 when indicator > expanding q-quantile (lagged). Differs from tried BTC-trend throttle.,gross 0.5 if alt>q0.8,2.551,-1.6,0/6,1/5,-1.04/-1.63,False,-30.94,1.28,1.8,2.43,2.24,"worst_day_bp=-1888 to=0.406 yrdiff={2020: -1.9, 2021: -2.59, 2022: -0.9, 2023: -0.63, 2024: -0.98, 2025: -0.86} grp=[-1160.5, 141.2, -823.3, -469.0, -741.0]"
T31,ex_altseason_q0.9,EX_ALT,as T30,q=0.9,2.697,0.07,3/6,3/5,0.24/-0.20,False,-30.73,1.47,2.76,2.58,2.4,"worst_day_bp=-1888 to=0.405 yrdiff={2020: -0.34, 2021: -0.43, 2022: -0.31, 2023: 0.42, 2024: 0.26, 2025: 0.57} grp=[403.9, -245.8, 8.0, 51.4, -36.0]"
T32,ex_altseason_short,single,As T30 q0.8 but de-risk only the short leg (short leg 0.55->0.30 of leg gross) instead of all gross.,short_frac 0.30 when alt>q0.8,2.575,-1.22,2/6,1/5,-0.20/-2.17,False,-30.38,1.47,2.12,2.46,2.26,"worst_day_bp=-1888 to=0.410 yrdiff={2020: -2.46, 2021: 0.65, 2022: -0.53, 2023: 0.06, 2024: -2.83, 2025: -1.56} grp=[-1193.7, 85.6, -821.6, -426.7, -652.3]"
T33,tranche2,TRANCHE,"Rebalance-timing luck: run the book as 2 tranches rebalanced at offsets 0h and 4h (each half capital). Same signal, smoother path, lower dependence on the 8h grid (Hoffstein timing-luck).",avg of book(offset 0) and book(offset 4),2.654,-0.49,3/6,3/5,-0.84/0.26,False,-29.08,1.29,2.84,2.54,2.36,"worst_day_bp=-1996 to=0.406 yrdiff={2020: 1.02, 2021: -1.35, 2022: 0.09, 2023: -0.88, 2024: -2.11, 2025: 1.41} grp=[-772.0, 70.0, 417.0, 67.0, -900.4]"
T34,tranche4,TRANCHE,"as T33 with 4 tranches offsets 0,2,4,6h.",avg of 4 offsets,2.55,-1.5,1/6,1/5,-2.35/0.01,False,-29.88,1.22,2.09,2.44,2.25,"worst_day_bp=-1988 to=0.407 yrdiff={2020: -0.89, 2021: -2.13, 2022: -2.17, 2023: -1.41, 2024: -2.7, 2025: 1.63} grp=[-1192.5, -237.6, 85.6, -654.7, -1548.8]"
T35,short_corrveto_0.5,CORRVETO,"Sector/narrative concentration (Oct-Nov 2021 DD = metaverse cluster squeeze): building the short list greedily in score order, skip a candidate whose 336h residual corr with an already-accepted short > rho.",rho=0.5,2.36,-1.72,2/6,1/5,-5.48/0.01,False,-33.12,0.98,0.65,2.22,1.98,"worst_day_bp=-1810 to=0.497 yrdiff={2020: -13.47, 2021: 1.91, 2022: -5.11, 2023: 1.39, 2024: -4.85, 2025: -0.09} grp=[-3666.0, -1262.7, 526.0, -1108.7, -97.0]"
T36,short_corrveto_0.7,CORRVETO,as T35,rho=0.7,2.632,-0.9,2/6,2/5,-0.96/-0.05,False,-29.51,1.41,2.35,2.51,2.33,"worst_day_bp=-1888 to=0.415 yrdiff={2020: -2.65, 2021: 0.07, 2022: -0.77, 2023: 1.1, 2024: -1.05, 2025: -0.45} grp=[-633.7, -876.6, 601.8, 316.8, -143.4]"
T37,NS25,NS,"More, smaller shorts (same 55% short gross): squeeze loss is single-name tail; diversify it. (NL20/NS30 was tried vs LIVE, not on B.)",NS=25,2.595,-1.45,3/6,1/5,-1.87/0.33,False,-30.86,1.41,2.09,2.48,2.3,"worst_day_bp=-1888 to=0.398 yrdiff={2020: 1.24, 2021: 0.46, 2022: 0.41, 2023: -0.03, 2024: -1.57, 2025: -5.42} grp=[-1905.2, 308.1, -71.3, -53.6, -275.1]"
T38,NS30,NS,as T37,NS=30,2.559,-1.6,4/6,1/5,-1.81/-0.49,False,-31.5,1.41,1.84,2.45,2.26,"worst_day_bp=-1888 to=0.387 yrdiff={2020: 2.11, 2021: 0.79, 2022: 0.7, 2023: 1.58, 2024: -4.06, 2025: -7.75} grp=[-1486.0, 106.6, -67.9, -39.4, -1123.0]"
T39,volstop,single,"Fixed 20% stop fires far more often on jumpy names (noise) than calm ones. Per-name stop = 0.2*idio_s/median(idio of shorts), clip [0.1,0.4], set at rebalance.",vol-scaled stop,2.721,0.28,4/6,3/5,-0.38/1.05,False,-28.88,1.47,3.25,2.61,2.43,"worst_day_bp=-1888 to=0.402 yrdiff={2020: 1.16, 2021: 1.04, 2022: -1.14, 2023: 0.3, 2024: -0.77, 2025: 1.13} grp=[73.6, 1244.4, 694.2, -116.9, -1244.9]"
T40,minvar_adj,single,"Combine two best risk-construction ideas from round 1 (minvar short leg, halfway rebalance): both reduce concentration/whipsaw, mechanisms independent.",minvar + adj=0.5,2.62,-0.32,3/6,2/5,-2.43/1.54,False,-32.62,1.57,1.59,2.48,2.25,"worst_day_bp=-781 to=0.390 yrdiff={2020: -0.48, 2021: 3.38, 2022: 1.57, 2023: -4.01, 2024: 0.86, 2025: -5.28} grp=[1543.9, 407.4, -290.8, -3019.9, -955.9]"
T41,short_invbeta,single,"Hedge tail: high-168h-beta shorts create the big long-BTC hedge whose crash beta is overstated (2022-06-13). Size shorts ∝ 1/beta168 (beta floored 0.3, clip 0.5x..2x equal) to shrink the hedge.",short ∝ 1/beta,2.567,-0.85,3/6,2/5,-1.86/-0.25,False,-35.77,1.01,1.83,2.44,2.23,"worst_day_bp=-1268 to=0.489 yrdiff={2020: -5.69, 2021: -3.84, 2022: 1.48, 2023: 0.05, 2024: -1.23, 2025: 1.49} grp=[-16.0, 741.4, -1400.0, -1025.5, 257.2]"
T42,short_invvol_p0.5,SHORT_RISKW,"Family around the only consistently positive round-1 theme (risk-weighting the short leg reduces single-name tail $). Weight ∝ idio^-p, clip 0.5x..2x equal. Walk-forward over the whole family (T17,T19,T42-T46).",p=0.5,2.757,1.31,5/6,3/5,0.47/0.74,False,-29.49,1.48,3.15,2.63,2.44,"worst_day_bp=-1314 to=0.413 yrdiff={2020: 0.76, 2021: 0.89, 2022: 1.12, 2023: 0.04, 2024: 1.34, 2025: -0.59} grp=[791.2, 186.3, 145.5, -378.8, -171.9]"
T43,short_invvol_p2,SHORT_RISKW,as T42,p=2,2.776,0.71,3/6,3/5,0.32/1.32,False,-28.15,1.63,2.81,2.64,2.41,"worst_day_bp=-1017 to=0.440 yrdiff={2020: -1.4, 2021: 2.63, 2022: 1.43, 2023: -0.27, 2024: 3.35, 2025: -1.65} grp=[1973.9, -610.6, 1497.2, -1886.8, 2.0]"
T44,short_invvol_noclip,SHORT_RISKW,as T42,"p=1, no clip",2.788,1.02,4/6,3/5,0.60/1.22,False,-29.07,1.55,3.03,2.66,2.45,"worst_day_bp=-874 to=0.423 yrdiff={2020: 0.73, 2021: 1.76, 2022: 1.85, 2023: -0.16, 2024: 2.38, 2025: -1.4} grp=[1460.0, 118.8, 423.7, -882.8, -321.3]"
T45,short_minvar_s0.25,SHORT_RISKW,as T42,"minvar, shrink 0.25 to diag",2.898,0.99,4/6,3/5,1.00/2.99,False,-30.41,1.83,2.78,2.73,2.45,"worst_day_bp=-770 to=0.508 yrdiff={2020: -1.89, 2021: 5.67, 2022: 1.98, 2023: -3.43, 2024: 4.39, 2025: 3.74} grp=[3990.4, 953.4, 1804.8, -2037.7, -411.7]"
T46,short_minvar_s0.75,SHORT_RISKW,as T42,"minvar, shrink 0.75 to diag",2.887,1.17,4/6,4/5,1.08/2.65,False,-29.0,1.7,3.06,2.73,2.49,"worst_day_bp=-753 to=0.457 yrdiff={2020: -0.91, 2021: 3.9, 2022: 2.41, 2023: -0.78, 2024: 5.27, 2025: 0.15} grp=[3125.8, 425.5, 934.1, -1777.8, 157.2]"
