id,name,family,rationale,params,SR,bp,t_vs_B,years,groups,regimes_up_dn,adopt,mdd_at2pct,minYrSR,t_vs_LIVE,SR8bp,SR12bp,turnover,note
A01,hyb_r10,HYB,"Raw +20% short stop also fires when a coin rallies with BTC; that move is already offset by the BTC hedge, so the exit (and ban) is wasted cost. Require the beta-adjusted residual move since entry to be >=10% too. Differs from drawdown/T13-15 (pure residual stop, all failed): raw stop kept as the trigger, residual only a filter.",resid_hyb=0.10,2.527,23.17,-1.76,1/6,1/5,-2.45/-0.35,False,-45.42,0.86,1.99,2.42,2.24,0.394,"yrdiff={2020: -2.09, 2021: -5.99, 2022: -0.15, 2023: -0.01, 2024: -2.0, 2025: 1.1} grp=[-1212.6, 537.4, -1376.4, -37.0, -1435.9] pt_adopt=False"
A02,hyb_r15,HYB,as A01 with a stricter residual filter,resid_hyb=0.15,2.541,23.24,-1.62,2/6,1/5,-2.05/-0.56,False,-38.06,1.04,2.08,2.43,2.26,0.389,"yrdiff={2020: -3.57, 2021: -4.22, 2022: -0.17, 2023: 0.52, 2024: -1.46, 2025: 0.18} grp=[-1068.8, 567.8, -526.1, -1019.0, -1372.9] pt_adopt=False"
A03,vz3,VZ,"A fixed 20% is ~1 sd for the jumpiest shorts and ~3 sd for calmer ones, and it ignores holding time. Stop on residual z: resid cum >= k*idio336*sqrt(max(hours held,24)); replaces the raw stop. Differs from drawdown/T39 (fixed per-name level set at rebalance, raw price).",vz=3,2.379,22.66,-2.41,2/6,0/5,-3.79/-1.72,False,-41.5,0.59,1.15,2.29,2.16,0.325,"yrdiff={2020: -5.04, 2021: -8.6, 2022: -1.53, 2023: 0.75, 2024: -3.2, 2025: 0.06} grp=[-469.3, -2940.4, -99.0, -1570.2, -2041.9] pt_adopt=False"
A04,vz4,VZ,as A03,vz=4,2.455,23.47,-1.96,2/6,0/5,-2.54/-1.71,False,-40.36,0.71,1.61,2.37,2.24,0.318,"yrdiff={2020: -3.33, 2021: -7.19, 2022: -2.93, 2023: 1.46, 2024: -3.02, 2025: 1.85} grp=[-726.7, -2422.5, -268.4, -1172.1, -1091.4] pt_adopt=False"
A05,vz3_plus_raw,single,Keep the raw 20% stop (it protects vs market-wide alt squeezes) and ADD the residual z=3 stop for idiosyncratic squeezes on calmer names.,"vz=3, vz_raw=True",2.666,24.28,-0.73,2/6,3/5,-0.17/-0.34,False,-29.9,1.41,2.77,2.55,2.37,0.409,"yrdiff={2020: -0.88, 2021: -0.03, 2022: -0.3, 2023: 0.3, 2024: 0.1, 2025: -0.78} grp=[151.8, -157.3, 165.0, 205.5, -662.3] pt_adopt=False"
A06,half_15_25,HALF,"Partial de-risking: halve at +15%, rest at +25%. Squeeze outcomes are bimodal; a ladder averages the exit price between the continuation and reversal branches. drawdown/T16 tried 10/20 (t 0.21); this brackets 20 symmetrically.","half_at=0.15, stop=0.25",2.471,22.7,-2.18,0/6,2/5,-2.07/-1.99,False,-33.33,1.32,1.86,2.35,2.16,0.427,"yrdiff={2020: -2.68, 2021: -0.59, 2022: -2.01, 2023: -1.77, 2024: -3.26, 2025: -1.93} grp=[-1222.0, 261.1, -736.1, 105.8, -2305.3] pt_adopt=False"
A07,half_20_30,HALF,as A06 shifted out,"half_at=0.20, stop=0.30",2.478,23.02,-2.01,1/6,1/5,-2.41/-1.41,False,-28.05,1.2,1.97,2.37,2.19,0.4,"yrdiff={2020: -5.77, 2021: -1.59, 2022: -3.35, 2023: -1.49, 2024: -2.77, 2025: 2.5} grp=[239.6, -624.1, -1348.0, -680.8, -2349.1] pt_adopt=False"
A08,trail20,TRAIL,Trailing stop on shorts from the lowest price since entry: a short that has already paid and then rips +x% off the low is a squeeze in progress; protect open profit. Fixed 20% from entry kept.,trail=0.20,2.527,21.69,-1.15,3/6,2/5,-0.46/-2.85,False,-29.45,1.64,1.55,2.35,2.08,0.578,"yrdiff={2020: 2.3, 2021: 2.36, 2022: 2.4, 2023: -2.28, 2024: -6.32, 2025: -6.73} grp=[-965.1, 2513.7, -1142.3, -841.1, 247.1] pt_adopt=False"
A09,trail25,TRAIL,as A08,trail=0.25,2.51,21.97,-1.49,2/6,1/5,-1.79/-1.52,False,-32.38,1.38,1.67,2.36,2.13,0.51,"yrdiff={2020: 2.29, 2021: -0.06, 2022: 1.82, 2023: -0.94, 2024: -4.53, 2025: -7.73} grp=[-1018.7, 1136.0, -896.7, -392.3, -1051.0] pt_adopt=False"
A10,trail30,TRAIL,as A08,trail=0.30,2.488,21.79,-1.8,1/6,1/5,-2.94/-0.54,False,-29.92,1.33,1.56,2.35,2.13,0.472,"yrdiff={2020: -1.06, 2021: -0.65, 2022: -0.44, 2023: 0.06, 2024: -2.21, 2025: -6.69} grp=[-1728.4, 3864.7, -2499.7, -1603.7, -364.7] pt_adopt=False"
A11,rankS30,RANKS,"Hourly exit on rank deterioration: if a held short falls out of the top-k jumpy names mid-period, its reason to be held is gone; exit now rather than at the next 8h rebalance (entries stay 8-hourly, so no extra noisy entries - the failure mode of faster re-ranking). k=30 = hysteresis keep band.",rank_exit_s=30,2.475,22.51,-3.71,1/6,1/5,-1.67/-2.40,False,-30.1,1.24,1.49,2.32,2.07,0.555,"yrdiff={2020: -0.16, 2021: -1.88, 2022: 0.49, 2023: -1.83, 2024: -3.76, 2025: -4.34} grp=[-1212.3, -981.0, -196.2, 1114.4, -376.5] pt_adopt=False"
A12,rankS40,RANKS,as A11 with k=2N=40,rank_exit_s=40,2.55,23.19,-2.96,1/6,2/5,-1.42/-1.17,False,-30.09,1.24,1.91,2.42,2.2,0.479,"yrdiff={2020: -0.17, 2021: -1.89, 2022: 0.47, 2023: -1.16, 2024: -1.91, 2025: -2.9} grp=[-968.5, -765.3, 18.1, 258.2, -441.1] pt_adopt=False"
A13,rankL24,single,Same hourly rank exit for longs: exit a long that leaves the calmest 2N=24 names.,rank_exit_l=24,2.694,24.5,0.13,4/6,3/5,0.12/-0.12,False,-30.22,1.43,2.9,2.58,2.39,0.422,"yrdiff={2020: -0.08, 2021: 0.2, 2022: 0.13, 2023: 0.0, 2024: 0.23, 2025: -0.43} grp=[-76.8, 66.5, 133.1, -50.6, 62.0] pt_adopt=False"
A14,time3,TIME,Time stop: a position still under water after K days has shown the signal is not working for this name (disposition effect in reverse); exit (both legs).,time_stop=3,2.272,20.83,-3.61,0/6,2/5,-4.37/-3.21,False,-30.52,1.25,0.33,2.07,1.75,0.726,"yrdiff={2020: -9.5, 2021: -1.19, 2022: -2.92, 2023: -4.3, 2024: -6.13, 2025: -0.05} grp=[-2403.1, 1381.9, -875.8, 205.9, -824.5] pt_adopt=False"
A15,time7,TIME,as A14,time_stop=7,2.642,24.09,-0.5,2/6,3/5,-0.21/-0.77,False,-28.83,1.42,2.54,2.49,2.26,0.536,"yrdiff={2020: -6.1, 2021: 5.67, 2022: -1.39, 2023: -0.52, 2024: -2.28, 2025: 0.75} grp=[-680.0, 530.4, -800.7, 763.1, 395.1] pt_adopt=False"
A16,sqz_z3,SQZ,Squeeze detector: a short with a 4h residual move > 3 sd AND 4h volume > 3x its normal 4h volume is in a volume-confirmed squeeze (forced short covering); exit before the price stop and ban until next rebalance. Hourly data <= i only.,"sqz=(3,3)",2.562,22.66,-1.14,1/6,1/5,-1.53/-0.79,False,-34.0,1.16,1.79,2.43,2.22,0.461,"yrdiff={2020: 2.95, 2021: -2.38, 2022: -0.19, 2023: -0.74, 2024: -0.57, 2025: -5.39} grp=[-1088.7, -452.1, 2308.8, -548.2, -2207.6] pt_adopt=False"
A17,sqz_z4,SQZ,as A16 with z=4,"sqz=(4,3)",2.578,23.14,-1.3,1/6,1/5,-1.52/-0.46,False,-31.87,1.03,2.04,2.46,2.26,0.433,"yrdiff={2020: 2.3, 2021: -3.92, 2022: -0.63, 2023: -0.43, 2024: -0.57, 2025: -2.33} grp=[-1345.4, -252.8, 565.1, -461.5, -845.3] pt_adopt=False"
A18,redeploy_next,REDEPLOY,"Capital freed by a stop sits idle until the next rebalance (up to 8h), lowering short gross; immediately re-deploy it into the next-ranked eligible short to keep the alpha leg fully invested.",redeploy=next,2.724,24.8,0.53,4/6,3/5,-0.75/1.60,False,-29.23,1.4,3.15,2.62,2.45,0.375,"yrdiff={2020: -0.38, 2021: 0.0, 2022: 1.74, 2023: 0.46, 2024: -1.44, 2025: 1.23} grp=[-301.1, 56.2, 558.5, 492.3, -822.1] pt_adopt=False"
A19,redeploy_scale,REDEPLOY,"Alternative: scale up the remaining shorts pro rata (no new name, no single-name selection at an off-cycle hour).",redeploy=scale,2.685,24.55,-0.42,4/6,1/5,-0.21/0.11,False,-28.99,1.35,2.9,2.57,2.38,0.421,"yrdiff={2020: 0.02, 2021: -0.71, 2022: 0.32, 2023: 0.16, 2024: -0.34, 2025: 0.17} grp=[31.8, -34.1, -199.3, -61.5, -30.6] pt_adopt=False"
A20,lc_reset,single,Stop measured from the last rebalance price (live measures from entry). A long-held short already +15% since entry has a hair-trigger stop; resetting at each re-rank tests whether the stop should be about new adverse moves only.,lc_reset=True,2.54,22.88,-1.36,1/6,1/5,-1.61/-1.13,False,-34.28,0.99,2.11,2.44,2.28,0.357,"yrdiff={2020: -1.08, 2021: -4.42, 2022: -0.42, 2023: 0.04, 2024: -1.66, 2025: -0.72} grp=[-718.5, -754.1, -1268.1, -1630.5, 629.6] pt_adopt=False"
A21,brake3,BRAKE,"Book-level brake: if the short leg loses 3% of gross within one 8h period (correlated alt squeeze), halve the book until the next rebalance. Targets the Mar-2021 type event that single-name stops cannot catch.",brake=0.03,2.553,23.09,-3.87,0/6,2/5,-0.77/-1.92,False,-31.08,1.07,2.04,2.39,2.13,0.565,"yrdiff={2020: -0.14, 2021: -3.72, 2022: -0.25, 2023: -0.2, 2024: -1.28, 2025: -1.81} grp=[-170.8, -506.4, 154.3, -217.8, 126.0] pt_adopt=False"
A22,brake5,BRAKE,as A21,brake=0.05,2.676,24.28,-1.34,2/6,2/5,-0.07/-0.27,False,-30.01,1.35,2.79,2.55,2.36,0.432,"yrdiff={2020: 0.15, 2021: -0.67, 2022: 0.17, 2023: -0.26, 2024: -0.18, 2025: -0.07} grp=[180.7, -222.0, -34.1, 160.9, -43.2] pt_adopt=False"
A23,confirm2,single,Stop confirmation: require the +20% condition on 2 consecutive hourly closes. Squeeze wicks often mean-revert within an hour; this avoids selling the top of a wick at a cost of one more hour of exposure.,confirm=2,2.554,23.37,-1.43,1/6,1/5,-1.40/-1.10,False,-33.77,1.35,2.34,2.44,2.27,0.399,"yrdiff={2020: -2.96, 2021: -0.37, 2022: -1.95, 2023: -1.64, 2024: -2.5, 2025: 1.53} grp=[-989.5, 254.9, -431.9, -247.6, -1575.1] pt_adopt=False"
A24,lstop20,LSTOP,"Long stop variants (long stop is 40% in B). The long leg is a beta offset; a tight long stop may cut calm names in crashes that the hedge already covers -> expect worse, but user asks about -20% positions so test it.",long_stop=0.20,2.666,24.23,-1.36,1/6,1/5,-0.23/-0.26,False,-30.07,1.41,2.72,2.55,2.36,0.426,"yrdiff={2020: -0.14, 2021: 0.11, 2022: -0.1, 2023: -0.18, 2024: -0.44, 2025: -0.65} grp=[-160.7, -220.5, -260.7, 124.0, -296.8] pt_adopt=False"
A25,lstop30,LSTOP,as A24,long_stop=0.30,2.652,24.11,-2.66,0/6,1/5,-0.22/-0.56,False,-30.2,1.39,2.69,2.54,2.35,0.412,"yrdiff={2020: -0.0, 2021: -0.28, 2022: -0.44, 2023: -0.02, 2024: -0.47, 2025: -0.92} grp=[-241.2, -96.1, 2.1, -130.2, -355.6] pt_adopt=False"
A26,lstop_off,LSTOP,as A24 (no long stop),long_stop=None,2.681,24.44,-0.92,1/6,3/5,-0.27/0.09,False,-29.88,1.45,2.8,2.57,2.39,0.402,"yrdiff={2020: -0.13, 2021: 0.34, 2022: -0.02, 2023: -0.03, 2024: -0.05, 2025: -0.75} grp=[-127.4, 335.5, 114.9, 191.3, -208.0] pt_adopt=False"
A27,noban,BAN,Recovery diagnostic (written before this trial): a short at -20% has median +2-4% reversion over 24-72h but a fat continuation tail. The stop keeps the tail-cut; dropping the ban lets the book re-short the name at the next rebalance if it still ranks (bans of 24-168h were already tested in drawdown/T10-12 and failed; this is the other direction).,ban=False,2.494,23.44,-1.96,2/6,1/5,-2.58/-0.86,False,-35.0,0.86,1.86,2.38,2.21,0.408,"yrdiff={2020: -2.37, 2021: -5.53, 2022: -1.86, 2023: 1.37, 2024: -3.02, 2025: 0.47} grp=[-355.9, -1220.0, 118.9, -1253.7, -1454.7] pt_adopt=False"
A28,sstop15,SSTOP,Plateau check of B's short stop (0.15 never tested): is -20% the right cut level? Tighter = cut earlier in the continuation.,stop=0.15,2.577,23.31,-1.02,0/6,2/5,-1.42/-0.61,False,-31.92,1.41,2.04,2.45,2.25,0.446,"yrdiff={2020: -2.91, 2021: -0.05, 2022: -0.09, 2023: -1.13, 2024: -1.2, 2025: -1.3} grp=[-1444.4, 2431.4, 747.2, -2121.2, -1390.9] pt_adopt=False"
A29,sstop25,SSTOP,as A28 on the other side (0.25 never tested),stop=0.25,2.503,23.15,-1.9,0/6,2/5,-2.08/-1.30,False,-32.66,1.24,2.15,2.4,2.23,0.387,"yrdiff={2020: -3.52, 2021: -1.5, 2022: -1.7, 2023: -1.3, 2024: -2.59, 2025: -0.08} grp=[-1046.1, 187.2, -904.3, 299.6, -2217.2] pt_adopt=False"
A30,reb_dw10,single,"Continuation at the next-rebalance horizon (mean -1% to next reb after a -20% hit): at each rebalance, halve kept shorts already >=10% adverse since entry (still-ranked, not yet stopped), renormalising the short leg. Gentle, no extra trades between rebalances.",reb_dw=0.10,2.664,24.37,-0.86,2/6,3/5,-0.27/-0.25,False,-30.56,1.46,2.65,2.54,2.34,0.447,"yrdiff={2020: 0.49, 2021: 0.38, 2022: -0.57, 2023: -0.97, 2024: -0.39, 2025: -0.35} grp=[11.0, 224.1, 396.4, -381.8, -267.2] pt_adopt=False"
A31,half_20_40,single,"User-relevant partial cut: halve a short at -20%, keep the rest until the -40% (live) stop. Tests 'cut half now' vs B's 'cut all now'.","half_at=0.20, stop=0.40",2.491,23.2,-1.63,2/6,2/5,-3.35/0.04,False,-30.28,1.17,2.69,2.39,2.22,0.382,"yrdiff={2020: -8.62, 2021: -2.39, 2022: -1.08, 2023: 0.44, 2024: -1.8, 2025: 1.1} grp=[282.5, -1140.3, 564.3, -1822.7, -2387.5] pt_adopt=False"
A32,redeploy_next_8clock,single,"Robustness of the best-t trial (A18): B's 8h clock is the best of 8 offsets (drawdown/run5), so compare A18 vs B averaged over all 8 rebalance clocks (partition test on the 8-clock average book).",redeploy=next (8 offsets),2.566 (8-clock avg; B 2.566),,-0.00,4/6,2/5,0.00/-0.01,False,-30.39,1.19,,,,,per-clock SR A18 vs B: 2.72/2.69 2.47/2.51 2.31/2.23 2.37/2.35 2.51/2.53 2.62/2.59 2.50/2.54 2.60/2.62
A33,sstop_8clock,diagnostic,"Diagnostic, not a candidate: is the 20% short stop a robust optimum or a spike on one clock? Short stop 0.15/0.20/0.25/0.30 on all 8 clocks (SR only).",stop in {.15..30} x 8 offsets,"8-clock mean SR: stop.15 2.375, .20 2.508, .25 2.472, .30 2.373",,,,,,n/a (diagnostic),,,,,,,0.20 best or within 0.07 of best on all 8 clocks; see clock.log
