family,includes_B,n,wf_SR,base_SR,t_vs_B,beats_B,picks
HYB,False,2,2.275,2.432,-1.34,False,"{2021: 'A01', 2022: 'A02', 2023: 'A02', 2024: 'A02', 2025: 'A02'}"
HYB,True,3,2.432,2.432,,False,"{2021: 'B', 2022: 'B', 2023: 'B', 2024: 'B', 2025: 'B'}"
VZ,False,2,2.205,2.432,-0.75,False,"{2021: 'A04', 2022: 'A04', 2023: 'A04', 2024: 'A04', 2025: 'A04'}"
VZ,True,3,2.432,2.432,,False,"{2021: 'B', 2022: 'B', 2023: 'B', 2024: 'B', 2025: 'B'}"
HALF,False,2,2.224,2.432,-1.81,False,"{2021: 'A06', 2022: 'A06', 2023: 'A06', 2024: 'A06', 2025: 'A06'}"
HALF,True,3,2.432,2.432,,False,"{2021: 'B', 2022: 'B', 2023: 'B', 2024: 'B', 2025: 'B'}"
TRAIL,False,3,2.179,2.432,-2.33,False,"{2021: 'A08', 2022: 'A08', 2023: 'A08', 2024: 'A08', 2025: 'A08'}"
TRAIL,True,4,2.332,2.432,-1.27,False,"{2021: 'A08', 2022: 'A08', 2023: 'A08', 2024: 'A08', 2025: 'B'}"
RANKS,False,2,2.257,2.432,-3.08,False,"{2021: 'A11', 2022: 'A11', 2023: 'A11', 2024: 'A12', 2025: 'A12'}"
RANKS,True,3,2.432,2.432,,False,"{2021: 'B', 2022: 'B', 2023: 'B', 2024: 'B', 2025: 'B'}"
TIME,False,2,2.494,2.432,0.65,True,"{2021: 'A15', 2022: 'A15', 2023: 'A15', 2024: 'A15', 2025: 'A15'}"
TIME,True,3,2.398,2.432,-1.08,False,"{2021: 'B', 2022: 'A15', 2023: 'B', 2024: 'B', 2025: 'B'}"
SQZ,False,2,2.212,2.432,-2.43,False,"{2021: 'A16', 2022: 'A16', 2023: 'A16', 2024: 'A16', 2025: 'A16'}"
SQZ,True,3,2.37,2.432,-1.05,False,"{2021: 'A16', 2022: 'B', 2023: 'B', 2024: 'B', 2025: 'B'}"
REDEPLOY,False,2,2.432,2.432,0.06,False,"{2021: 'A19', 2022: 'A19', 2023: 'A18', 2024: 'A18', 2025: 'A18'}"
REDEPLOY,True,3,2.423,2.432,-0.11,False,"{2021: 'A19', 2022: 'B', 2023: 'A18', 2024: 'A18', 2025: 'A18'}"
BRAKE,False,2,2.34,2.432,-3.37,False,"{2021: 'A21', 2022: 'A22', 2023: 'A22', 2024: 'A22', 2025: 'A22'}"
BRAKE,True,3,2.347,2.432,-3.19,False,"{2021: 'A21', 2022: 'B', 2023: 'B', 2024: 'B', 2025: 'B'}"
LSTOP,False,3,2.405,2.432,-1.26,False,"{2021: 'A25', 2022: 'A26', 2023: 'A26', 2024: 'A26', 2025: 'A26'}"
LSTOP,True,4,2.405,2.432,-1.26,False,"{2021: 'A25', 2022: 'A26', 2023: 'A26', 2024: 'A26', 2025: 'A26'}"
SSTOP,False,2,2.35,2.432,-0.81,False,"{2021: 'A28', 2022: 'A28', 2023: 'A28', 2024: 'A28', 2025: 'A28'}"
SSTOP,True,3,2.432,2.432,,False,"{2021: 'B', 2022: 'B', 2023: 'B', 2024: 'B', 2025: 'B'}"
BAN,True,2,2.432,2.432,,False,"{2021: 'B', 2022: 'B', 2023: 'B', 2024: 'B', 2025: 'B'}"
ALL_ACTIVE,False,31,2.186,2.432,-2.69,False,"{2021: 'A16', 2022: 'A08', 2023: 'A08', 2024: 'A08', 2025: 'A13'}"
ALL_ACTIVE,True,32,2.186,2.432,-2.69,False,"{2021: 'A16', 2022: 'A08', 2023: 'A08', 2024: 'A08', 2025: 'A13'}"
