customer_id,customer_name,email,country,signup_date,customer_segment,marketing_opt_in
CUST00001,Customer 1,customer1@example.com,Malaysia,2024-03-18,consumer,false
CUST00002,Customer 2,customer2@example.com,Thailand,2025-04-26,consumer,true
CUST00003,Customer 3,customer3@example.com,Malaysia,2024-02-09,enterprise,false
CUST00004,Customer 4,customer4@example.com,Singapore,2025-11-30,consumer,true
CUST00005,Customer 5,customer5@example.com,Singapore,2025-05-08,enterprise,true
CUST00006,Customer 6,customer6@example.com,India,2023-12-30,consumer,false
CUST00007,Customer 7,customer7@example.com,Vietnam,2024-05-08,consumer,true
CUST00008,Customer 8,customer8@example.com,India,2024-01-18,smb,false
CUST00009,Customer 9,customer9@example.com,Thailand,2025-07-26,smb,true
CUST00010,Customer 10,customer10@example.com,India,2025-09-29,consumer,false
CUST00011,Customer 11,customer11@example.com,Philippines,2023-08-18,enterprise,false
CUST00012,Customer 12,customer12@example.com,Singapore,2023-09-28,enterprise,false
CUST00013,Customer 13,customer13@example.com,Malaysia,2024-07-01,smb,true
CUST00014,Customer 14,customer14@example.com,Vietnam,2024-06-15,enterprise,false
CUST00015,Customer 15,customer15@example.com,Thailand,2024-05-20,enterprise,true
CUST00016,Customer 16,customer16@example.com,Thailand,2025-11-16,smb,true
CUST00017,Customer 17,customer17@example.com,Thailand,2023-08-10,consumer,false
CUST00018,Customer 18,customer18@example.com,Australia,2025-03-23,enterprise,false
CUST00019,Customer 19,customer19@example.com,Philippines,2025-07-19,smb,true
CUST00020,Customer 20,customer20@example.com,Vietnam,2024-02-15,enterprise,true
CUST00021,Customer 21,customer21@example.com,Indonesia,2024-04-18,enterprise,true
CUST00022,Customer 22,customer22@example.com,Australia,2025-07-18,smb,false
CUST00023,Customer 23,customer23@example.com,Thailand,2024-03-17,enterprise,false
CUST00024,Customer 24,customer24@example.com,Singapore,2023-08-22,consumer,true
CUST00025,Customer 25,customer25@example.com,Philippines,2023-09-30,smb,false
CUST00026,Customer 26,customer26@example.com,Thailand,2025-10-26,enterprise,false
CUST00027,Customer 27,customer27@example.com,Australia,2025-05-29,smb,false
CUST00028,Customer 28,customer28@example.com,Vietnam,2025-08-08,consumer,true
CUST00029,Customer 29,customer29@example.com,Vietnam,2023-12-01,enterprise,false
CUST00030,Customer 30,customer30@example.com,India,2024-05-14,smb,true
CUST00031,Customer 31,customer31@example.com,Australia,2025-08-13,consumer,true
CUST00032,Customer 32,customer32@example.com,Malaysia,2023-08-04,consumer,true
CUST00033,Customer 33,customer33@example.com,India,2023-10-13,enterprise,true
CUST00034,Customer 34,customer34@example.com,India,2024-12-03,enterprise,false
CUST00035,Customer 35,customer35@example.com,Vietnam,2024-07-09,enterprise,true
CUST00036,Customer 36,customer36@example.com,Malaysia,2024-02-05,enterprise,false
CUST00037,Customer 37,customer37@example.com,Philippines,2023-11-06,consumer,false
CUST00038,Customer 38,customer38@example.com,Indonesia,2024-10-13,smb,true
CUST00039,Customer 39,customer39@example.com,Vietnam,2023-12-24,enterprise,true
CUST00040,Customer 40,customer40@example.com,Malaysia,2024-07-31,enterprise,false
CUST00041,Customer 41,customer41@example.com,Thailand,2023-08-24,consumer,false
CUST00042,Customer 42,customer42@example.com,Indonesia,2023-11-13,enterprise,true
CUST00043,Customer 43,customer43@example.com,Philippines,2024-04-28,smb,true
CUST00044,Customer 44,customer44@example.com,Philippines,2025-09-09,smb,true
CUST00045,Customer 45,customer45@example.com,Thailand,2025-11-03,enterprise,true
CUST00046,Customer 46,customer46@example.com,Australia,2025-10-06,consumer,true
CUST00047,Customer 47,customer47@example.com,Australia,2025-08-23,enterprise,true
CUST00048,Customer 48,customer48@example.com,India,2025-04-05,consumer,true
CUST00049,Customer 49,customer49@example.com,Vietnam,2024-01-02,smb,false
CUST00050,Customer 50,customer50@example.com,Australia,2024-10-10,consumer,true
CUST00051,Customer 51,customer51@example.com,Malaysia,2025-05-16,smb,true
CUST00052,Customer 52,customer52@example.com,Thailand,2024-05-09,enterprise,true
CUST00053,Customer 53,customer53@example.com,Malaysia,2025-12-25,enterprise,true
CUST00054,Customer 54,customer54@example.com,Malaysia,2025-05-12,consumer,false
CUST00055,Customer 55,customer55@example.com,Thailand,2025-10-21,smb,false
CUST00056,Customer 56,customer56@example.com,Indonesia,2025-05-27,enterprise,false
CUST00057,Customer 57,customer57@example.com,Australia,2025-04-28,smb,true
CUST00058,Customer 58,customer58@example.com,Malaysia,2025-09-27,enterprise,false
CUST00059,Customer 59,customer59@example.com,India,2025-01-04,smb,false
CUST00060,Customer 60,customer60@example.com,Singapore,2023-08-01,enterprise,true
CUST00061,Customer 61,customer61@example.com,India,2025-10-31,enterprise,false
CUST00062,Customer 62,customer62@example.com,Malaysia,2023-10-05,consumer,true
CUST00063,Customer 63,customer63@example.com,Australia,2025-06-21,consumer,false
CUST00064,Customer 64,customer64@example.com,Vietnam,2025-06-28,smb,true
CUST00065,Customer 65,customer65@example.com,Malaysia,2023-07-21,smb,true
CUST00066,Customer 66,customer66@example.com,Singapore,2025-11-11,consumer,true
CUST00067,Customer 67,customer67@example.com,India,2025-07-15,smb,false
CUST00068,Customer 68,customer68@example.com,India,2025-05-28,consumer,true
CUST00069,Customer 69,customer69@example.com,Singapore,2024-12-09,smb,false
CUST00070,Customer 70,customer70@example.com,Australia,2023-10-22,smb,false
CUST00071,Customer 71,customer71@example.com,Australia,2024-01-19,consumer,true
CUST00072,Customer 72,customer72@example.com,Thailand,2025-03-04,consumer,true
CUST00073,Customer 73,customer73@example.com,Philippines,2023-11-28,consumer,true
CUST00074,Customer 74,customer74@example.com,Australia,2024-05-13,enterprise,true
CUST00075,Customer 75,customer75@example.com,Malaysia,2025-11-04,consumer,true
CUST00076,Customer 76,customer76@example.com,Malaysia,2024-05-02,enterprise,true
CUST00077,Customer 77,customer77@example.com,Malaysia,2024-11-14,enterprise,true
CUST00078,Customer 78,customer78@example.com,Singapore,2024-05-19,enterprise,true
CUST00079,Customer 79,customer79@example.com,Philippines,2024-10-29,smb,true
CUST00080,Customer 80,customer80@example.com,Philippines,2024-02-16,consumer,false
CUST00081,Customer 81,customer81@example.com,Indonesia,2024-11-22,enterprise,false
CUST00082,Customer 82,customer82@example.com,Philippines,2024-09-20,consumer,true
CUST00083,Customer 83,customer83@example.com,Malaysia,2024-09-19,consumer,true
CUST00084,Customer 84,customer84@example.com,Vietnam,2024-08-01,consumer,false
CUST00085,Customer 85,customer85@example.com,Thailand,2025-10-23,smb,false
CUST00086,Customer 86,customer86@example.com,Australia,2025-07-24,enterprise,false
CUST00087,Customer 87,customer87@example.com,Singapore,2024-04-15,enterprise,false
CUST00088,Customer 88,customer88@example.com,Malaysia,2024-02-22,consumer,false
CUST00089,Customer 89,customer89@example.com,Malaysia,2025-09-05,enterprise,true
CUST00090,Customer 90,customer90@example.com,Vietnam,2025-03-29,enterprise,true
CUST00091,Customer 91,customer91@example.com,Philippines,2023-12-29,consumer,false
CUST00092,Customer 92,customer92@example.com,Australia,2024-08-02,smb,true
CUST00093,Customer 93,customer93@example.com,India,2025-09-29,smb,true
CUST00094,Customer 94,customer94@example.com,Philippines,2025-12-29,consumer,false
CUST00095,Customer 95,customer95@example.com,Australia,2025-07-20,enterprise,false
CUST00096,Customer 96,customer96@example.com,Singapore,2024-06-06,consumer,true
CUST00097,Customer 97,customer97@example.com,Indonesia,2024-01-25,enterprise,true
CUST00098,Customer 98,customer98@example.com,Philippines,2023-08-31,enterprise,true
CUST00099,Customer 99,customer99@example.com,Indonesia,2024-10-18,consumer,false
CUST00100,Customer 100,customer100@example.com,Singapore,2024-12-24,smb,true
CUST00101,Customer 101,customer101@example.com,Thailand,2024-02-03,enterprise,true
CUST00102,Customer 102,customer102@example.com,India,2025-01-04,enterprise,true
CUST00103,Customer 103,customer103@example.com,Indonesia,2025-05-04,consumer,false
CUST00104,Customer 104,customer104@example.com,Indonesia,2025-12-07,enterprise,false
CUST00105,Customer 105,customer105@example.com,India,2023-10-23,enterprise,true
CUST00106,Customer 106,customer106@example.com,Indonesia,2025-04-03,enterprise,true
CUST00107,Customer 107,customer107@example.com,Singapore,2024-12-06,smb,true
CUST00108,Customer 108,customer108@example.com,Australia,2025-06-11,smb,false
CUST00109,Customer 109,customer109@example.com,Thailand,2023-09-14,consumer,true
CUST00110,Customer 110,customer110@example.com,Thailand,2024-02-26,smb,false
CUST00111,Customer 111,customer111@example.com,Malaysia,2025-03-22,smb,false
CUST00112,Customer 112,customer112@example.com,India,2024-03-16,enterprise,false
CUST00113,Customer 113,customer113@example.com,Malaysia,2025-12-04,smb,true
CUST00114,Customer 114,customer114@example.com,Vietnam,2024-05-17,consumer,true
CUST00115,Customer 115,customer115@example.com,India,2024-05-01,smb,false
CUST00116,Customer 116,customer116@example.com,Malaysia,2024-10-12,smb,true
CUST00117,Customer 117,customer117@example.com,Singapore,2025-04-16,enterprise,false
CUST00118,Customer 118,customer118@example.com,Thailand,2025-12-31,smb,false
CUST00119,Customer 119,customer119@example.com,Philippines,2025-10-22,enterprise,false
CUST00120,Customer 120,customer120@example.com,Malaysia,2024-02-22,enterprise,false
CUST00121,Customer 121,customer121@example.com,Vietnam,2024-07-31,enterprise,false
CUST00122,Customer 122,customer122@example.com,India,2025-02-01,enterprise,false
CUST00123,Customer 123,customer123@example.com,Indonesia,2024-06-13,consumer,false
CUST00124,Customer 124,customer124@example.com,India,2024-02-21,enterprise,true
CUST00125,Customer 125,customer125@example.com,Vietnam,2024-04-11,smb,true
CUST00126,Customer 126,customer126@example.com,Vietnam,2025-02-24,consumer,false
CUST00127,Customer 127,customer127@example.com,Philippines,2023-10-20,smb,false
CUST00128,Customer 128,customer128@example.com,Thailand,2024-10-06,enterprise,false
CUST00129,Customer 129,customer129@example.com,Indonesia,2023-10-12,enterprise,true
CUST00130,Customer 130,customer130@example.com,Philippines,2025-03-17,consumer,true
CUST00131,Customer 131,customer131@example.com,Vietnam,2024-02-13,consumer,true
CUST00132,Customer 132,customer132@example.com,Singapore,2025-08-04,consumer,true
CUST00133,Customer 133,customer133@example.com,Malaysia,2024-09-02,smb,false
CUST00134,Customer 134,customer134@example.com,Thailand,2024-03-28,enterprise,false
CUST00135,Customer 135,customer135@example.com,India,2024-08-13,consumer,true
CUST00136,Customer 136,customer136@example.com,Singapore,2024-03-01,consumer,false
CUST00137,Customer 137,customer137@example.com,Indonesia,2025-05-22,enterprise,false
CUST00138,Customer 138,customer138@example.com,Thailand,2025-11-11,consumer,false
CUST00139,Customer 139,customer139@example.com,Australia,2025-08-18,enterprise,false
CUST00140,Customer 140,customer140@example.com,Australia,2023-11-20,enterprise,false
CUST00141,Customer 141,customer141@example.com,Australia,2023-09-04,consumer,false
CUST00142,Customer 142,customer142@example.com,Vietnam,2024-09-28,consumer,false
CUST00143,Customer 143,customer143@example.com,Australia,2023-11-09,enterprise,true
CUST00144,Customer 144,customer144@example.com,Australia,2025-03-26,consumer,false
CUST00145,Customer 145,customer145@example.com,Vietnam,2025-05-06,smb,false
CUST00146,Customer 146,customer146@example.com,Malaysia,2024-06-27,consumer,true
CUST00147,Customer 147,customer147@example.com,India,2025-05-10,enterprise,true
CUST00148,Customer 148,customer148@example.com,Thailand,2024-01-09,consumer,false
CUST00149,Customer 149,customer149@example.com,Philippines,2024-11-10,enterprise,false
CUST00150,Customer 150,customer150@example.com,Singapore,2024-11-02,consumer,false
CUST00151,Customer 151,customer151@example.com,Singapore,2024-11-29,enterprise,false
CUST00152,Customer 152,customer152@example.com,Singapore,2024-08-31,smb,false
CUST00153,Customer 153,customer153@example.com,India,2023-11-22,smb,true
CUST00154,Customer 154,customer154@example.com,Thailand,2024-08-20,smb,false
CUST00155,Customer 155,customer155@example.com,Singapore,2024-08-22,smb,false
CUST00156,Customer 156,customer156@example.com,India,2024-02-17,enterprise,true
CUST00157,Customer 157,customer157@example.com,Australia,2023-08-25,consumer,true
CUST00158,Customer 158,customer158@example.com,Singapore,2024-11-24,consumer,false
CUST00159,Customer 159,customer159@example.com,Australia,2025-08-16,consumer,true
CUST00160,Customer 160,customer160@example.com,India,2025-04-10,smb,true
CUST00161,Customer 161,customer161@example.com,Philippines,2024-09-23,smb,false
CUST00162,Customer 162,customer162@example.com,India,2025-03-23,smb,true
CUST00163,Customer 163,customer163@example.com,Singapore,2024-09-07,enterprise,true
CUST00164,Customer 164,customer164@example.com,Thailand,2025-01-08,enterprise,true
CUST00165,Customer 165,customer165@example.com,Singapore,2023-10-25,consumer,true
CUST00166,Customer 166,customer166@example.com,Singapore,2025-06-11,enterprise,true
CUST00167,Customer 167,customer167@example.com,Indonesia,2025-05-02,smb,true
CUST00168,Customer 168,customer168@example.com,Thailand,2024-06-03,smb,false
CUST00169,Customer 169,customer169@example.com,Philippines,2023-11-08,consumer,true
CUST00170,Customer 170,customer170@example.com,Indonesia,2023-10-28,smb,true
CUST00171,Customer 171,customer171@example.com,Singapore,2024-05-19,smb,false
CUST00172,Customer 172,customer172@example.com,Thailand,2024-11-21,consumer,true
CUST00173,Customer 173,customer173@example.com,Vietnam,2025-09-19,enterprise,true
CUST00174,Customer 174,customer174@example.com,Singapore,2023-10-09,smb,false
CUST00175,Customer 175,customer175@example.com,Philippines,2024-02-24,consumer,false
CUST00176,Customer 176,customer176@example.com,India,2025-12-20,smb,true
CUST00177,Customer 177,customer177@example.com,Philippines,2024-10-15,enterprise,false
CUST00178,Customer 178,customer178@example.com,Indonesia,2024-01-08,smb,true
CUST00179,Customer 179,customer179@example.com,Vietnam,2023-12-12,enterprise,false
CUST00180,Customer 180,customer180@example.com,India,2024-09-12,enterprise,false
CUST00181,Customer 181,customer181@example.com,Thailand,2025-02-05,consumer,false
CUST00182,Customer 182,customer182@example.com,Thailand,2024-09-27,smb,false
CUST00183,Customer 183,customer183@example.com,Singapore,2025-01-22,smb,false
CUST00184,Customer 184,customer184@example.com,Australia,2025-06-29,consumer,false
CUST00185,Customer 185,customer185@example.com,Vietnam,2023-10-08,smb,false
CUST00186,Customer 186,customer186@example.com,Vietnam,2024-05-01,enterprise,true
CUST00187,Customer 187,customer187@example.com,Thailand,2024-07-21,consumer,true
CUST00188,Customer 188,customer188@example.com,India,2023-12-26,smb,true
CUST00189,Customer 189,customer189@example.com,Australia,2024-01-25,enterprise,false
CUST00190,Customer 190,customer190@example.com,Singapore,2024-09-30,consumer,false
CUST00191,Customer 191,customer191@example.com,India,2025-05-20,enterprise,true
CUST00192,Customer 192,customer192@example.com,Philippines,2025-02-22,smb,false
CUST00193,Customer 193,customer193@example.com,Philippines,2024-10-23,smb,false
CUST00194,Customer 194,customer194@example.com,Vietnam,2025-03-30,smb,true
CUST00195,Customer 195,customer195@example.com,Thailand,2025-08-31,smb,true
CUST00196,Customer 196,customer196@example.com,Indonesia,2023-12-03,consumer,true
CUST00197,Customer 197,customer197@example.com,Australia,2023-12-07,smb,false
CUST00198,Customer 198,customer198@example.com,Thailand,2025-09-21,smb,true
CUST00199,Customer 199,customer199@example.com,Indonesia,2024-12-28,smb,true
CUST00200,Customer 200,customer200@example.com,Indonesia,2024-01-07,smb,true
CUST00201,Customer 201,customer201@example.com,Vietnam,2025-11-07,enterprise,true
CUST00202,Customer 202,customer202@example.com,Australia,2024-03-19,consumer,true
CUST00203,Customer 203,customer203@example.com,Vietnam,2024-05-24,smb,false
CUST00204,Customer 204,customer204@example.com,Philippines,2024-10-07,consumer,true
CUST00205,Customer 205,customer205@example.com,Australia,2025-04-18,consumer,true
CUST00206,Customer 206,customer206@example.com,Australia,2024-11-17,consumer,true
CUST00207,Customer 207,customer207@example.com,Indonesia,2025-07-30,enterprise,false
CUST00208,Customer 208,customer208@example.com,Thailand,2025-10-06,consumer,false
CUST00209,Customer 209,customer209@example.com,Thailand,2024-04-21,enterprise,false
CUST00210,Customer 210,customer210@example.com,Australia,2024-09-27,smb,false
CUST00211,Customer 211,customer211@example.com,Singapore,2025-02-23,enterprise,true
CUST00212,Customer 212,customer212@example.com,Thailand,2023-11-12,enterprise,true
CUST00213,Customer 213,customer213@example.com,Malaysia,2025-04-06,consumer,true
CUST00214,Customer 214,customer214@example.com,Malaysia,2025-07-08,consumer,true
CUST00215,Customer 215,customer215@example.com,Australia,2024-11-09,enterprise,false
CUST00216,Customer 216,customer216@example.com,Singapore,2025-03-09,consumer,false
CUST00217,Customer 217,customer217@example.com,Vietnam,2024-01-09,enterprise,false
CUST00218,Customer 218,customer218@example.com,Thailand,2025-10-21,smb,true
CUST00219,Customer 219,customer219@example.com,Malaysia,2024-10-23,enterprise,true
CUST00220,Customer 220,customer220@example.com,Indonesia,2024-03-09,smb,true
CUST00221,Customer 221,customer221@example.com,Singapore,2025-10-20,consumer,false
CUST00222,Customer 222,customer222@example.com,Vietnam,2024-05-02,smb,true
CUST00223,Customer 223,customer223@example.com,Vietnam,2024-09-09,enterprise,false
CUST00224,Customer 224,customer224@example.com,Australia,2025-03-29,smb,true
CUST00225,Customer 225,customer225@example.com,Singapore,2024-04-29,smb,false
CUST00226,Customer 226,customer226@example.com,Vietnam,2024-04-23,consumer,true
CUST00227,Customer 227,customer227@example.com,Singapore,2025-05-12,enterprise,false
CUST00228,Customer 228,customer228@example.com,Singapore,2024-05-21,consumer,false
CUST00229,Customer 229,customer229@example.com,Australia,2024-07-19,smb,true
CUST00230,Customer 230,customer230@example.com,India,2024-05-12,enterprise,false
CUST00231,Customer 231,customer231@example.com,Australia,2025-09-30,smb,false
CUST00232,Customer 232,customer232@example.com,Philippines,2025-01-25,enterprise,true
CUST00233,Customer 233,customer233@example.com,Indonesia,2023-08-07,smb,false
CUST00234,Customer 234,customer234@example.com,Australia,2024-01-22,smb,false
CUST00235,Customer 235,customer235@example.com,Singapore,2023-09-21,smb,true
CUST00236,Customer 236,customer236@example.com,Vietnam,2025-02-13,smb,true
CUST00237,Customer 237,customer237@example.com,India,2023-11-02,enterprise,true
CUST00238,Customer 238,customer238@example.com,Australia,2024-02-28,smb,true
CUST00239,Customer 239,customer239@example.com,Philippines,2025-06-23,enterprise,false
CUST00240,Customer 240,customer240@example.com,Australia,2024-04-01,consumer,true
CUST00241,Customer 241,customer241@example.com,Indonesia,2025-04-03,smb,false
CUST00242,Customer 242,customer242@example.com,Australia,2024-01-17,consumer,true
CUST00243,Customer 243,customer243@example.com,Thailand,2024-03-27,enterprise,true
CUST00244,Customer 244,customer244@example.com,Singapore,2025-02-17,enterprise,false
CUST00245,Customer 245,customer245@example.com,Thailand,2025-09-28,consumer,false
CUST00246,Customer 246,customer246@example.com,Indonesia,2025-09-03,smb,false
CUST00247,Customer 247,customer247@example.com,Vietnam,2024-07-29,smb,false
CUST00248,Customer 248,customer248@example.com,Thailand,2024-09-05,smb,true
CUST00249,Customer 249,customer249@example.com,Thailand,2024-12-05,enterprise,true
CUST00250,Customer 250,customer250@example.com,Malaysia,2023-08-01,smb,false
CUST00251,Customer 251,customer251@example.com,Vietnam,2025-01-18,consumer,false
CUST00252,Customer 252,customer252@example.com,Vietnam,2023-12-20,enterprise,false
CUST00253,Customer 253,customer253@example.com,Indonesia,2023-07-30,smb,false
CUST00254,Customer 254,customer254@example.com,Philippines,2025-01-13,enterprise,false
CUST00255,Customer 255,customer255@example.com,Philippines,2024-09-22,consumer,true
CUST00256,Customer 256,customer256@example.com,India,2024-05-26,consumer,false
CUST00257,Customer 257,customer257@example.com,Philippines,2025-11-18,enterprise,false
CUST00258,Customer 258,customer258@example.com,India,2024-01-10,smb,true
CUST00259,Customer 259,customer259@example.com,Singapore,2024-08-12,consumer,false
CUST00260,Customer 260,customer260@example.com,Malaysia,2023-07-26,smb,true
CUST00261,Customer 261,customer261@example.com,Australia,2024-07-12,consumer,true
CUST00262,Customer 262,customer262@example.com,Indonesia,2024-11-08,consumer,false
CUST00263,Customer 263,customer263@example.com,Vietnam,2023-10-24,smb,false
CUST00264,Customer 264,customer264@example.com,Malaysia,2024-03-07,smb,false
CUST00265,Customer 265,customer265@example.com,Australia,2025-02-11,enterprise,true
CUST00266,Customer 266,customer266@example.com,Malaysia,2024-04-09,consumer,false
CUST00267,Customer 267,customer267@example.com,Malaysia,2025-05-14,smb,true
CUST00268,Customer 268,customer268@example.com,Malaysia,2023-11-15,smb,true
CUST00269,Customer 269,customer269@example.com,Vietnam,2024-01-22,consumer,true
CUST00270,Customer 270,customer270@example.com,Singapore,2025-02-03,smb,false
CUST00271,Customer 271,customer271@example.com,India,2024-12-14,consumer,true
CUST00272,Customer 272,customer272@example.com,India,2024-07-07,enterprise,true
CUST00273,Customer 273,customer273@example.com,Indonesia,2025-07-11,consumer,false
CUST00274,Customer 274,customer274@example.com,Thailand,2024-04-07,smb,true
CUST00275,Customer 275,customer275@example.com,Australia,2025-05-09,enterprise,false
CUST00276,Customer 276,customer276@example.com,Vietnam,2024-09-18,enterprise,true
CUST00277,Customer 277,customer277@example.com,Australia,2023-10-01,smb,true
CUST00278,Customer 278,customer278@example.com,Australia,2025-10-18,smb,false
CUST00279,Customer 279,customer279@example.com,India,2024-03-18,enterprise,false
CUST00280,Customer 280,customer280@example.com,Vietnam,2024-09-21,consumer,false
CUST00281,Customer 281,customer281@example.com,Australia,2023-08-12,consumer,true
CUST00282,Customer 282,customer282@example.com,Philippines,2024-12-07,enterprise,false
CUST00283,Customer 283,customer283@example.com,Vietnam,2024-01-16,consumer,false
CUST00284,Customer 284,customer284@example.com,Singapore,2025-03-26,enterprise,true
CUST00285,Customer 285,customer285@example.com,Australia,2024-04-21,smb,true
CUST00286,Customer 286,customer286@example.com,Philippines,2024-04-20,consumer,true
CUST00287,Customer 287,customer287@example.com,Vietnam,2024-04-06,enterprise,true
CUST00288,Customer 288,customer288@example.com,Malaysia,2024-03-29,enterprise,true
CUST00289,Customer 289,customer289@example.com,Australia,2025-02-19,consumer,false
CUST00290,Customer 290,customer290@example.com,Indonesia,2023-12-14,consumer,false
CUST00291,Customer 291,customer291@example.com,India,2025-02-01,consumer,true
CUST00292,Customer 292,customer292@example.com,Philippines,2025-08-19,enterprise,false
CUST00293,Customer 293,customer293@example.com,Indonesia,2023-09-04,smb,false
CUST00294,Customer 294,customer294@example.com,Vietnam,2023-09-29,enterprise,false
CUST00295,Customer 295,customer295@example.com,Malaysia,2023-10-01,smb,true
CUST00296,Customer 296,customer296@example.com,Thailand,2025-08-10,enterprise,false
CUST00297,Customer 297,customer297@example.com,Philippines,2023-08-19,consumer,false
CUST00298,Customer 298,customer298@example.com,Vietnam,2025-12-18,enterprise,true
CUST00299,Customer 299,customer299@example.com,Philippines,2024-09-23,enterprise,false
CUST00300,Customer 300,customer300@example.com,India,2024-05-13,enterprise,false
CUST00301,Customer 301,customer301@example.com,Thailand,2025-09-13,smb,true
CUST00302,Customer 302,customer302@example.com,Philippines,2024-04-07,enterprise,true
CUST00303,Customer 303,customer303@example.com,Malaysia,2024-03-09,enterprise,false
CUST00304,Customer 304,customer304@example.com,Vietnam,2024-01-15,enterprise,false
CUST00305,Customer 305,customer305@example.com,Indonesia,2025-09-04,consumer,true
CUST00306,Customer 306,customer306@example.com,Australia,2025-02-24,consumer,true
CUST00307,Customer 307,customer307@example.com,Indonesia,2025-05-06,smb,false
CUST00308,Customer 308,customer308@example.com,India,2024-12-18,enterprise,true
CUST00309,Customer 309,customer309@example.com,Malaysia,2024-11-03,smb,false
CUST00310,Customer 310,customer310@example.com,Singapore,2025-03-21,enterprise,false
CUST00311,Customer 311,customer311@example.com,Australia,2025-05-24,smb,true
CUST00312,Customer 312,customer312@example.com,Philippines,2023-08-10,consumer,false
CUST00313,Customer 313,customer313@example.com,Philippines,2024-06-23,consumer,false
CUST00314,Customer 314,customer314@example.com,Thailand,2025-03-25,consumer,false
CUST00315,Customer 315,customer315@example.com,Thailand,2025-09-30,enterprise,true
CUST00316,Customer 316,customer316@example.com,Philippines,2025-11-11,consumer,true
CUST00317,Customer 317,customer317@example.com,Thailand,2023-10-19,consumer,true
CUST00318,Customer 318,customer318@example.com,Thailand,2024-05-11,consumer,false
CUST00319,Customer 319,customer319@example.com,Indonesia,2023-11-01,enterprise,true
CUST00320,Customer 320,customer320@example.com,Indonesia,2025-03-24,consumer,false
CUST00321,Customer 321,customer321@example.com,Indonesia,2023-10-07,consumer,true
CUST00322,Customer 322,customer322@example.com,Singapore,2025-08-20,smb,true
CUST00323,Customer 323,customer323@example.com,Philippines,2024-05-09,consumer,true
CUST00324,Customer 324,customer324@example.com,Singapore,2025-04-05,consumer,false
CUST00325,Customer 325,customer325@example.com,Malaysia,2024-07-12,enterprise,true
CUST00326,Customer 326,customer326@example.com,Australia,2024-09-01,smb,true
CUST00327,Customer 327,customer327@example.com,Thailand,2024-09-26,enterprise,true
CUST00328,Customer 328,customer328@example.com,Vietnam,2023-12-19,smb,true
CUST00329,Customer 329,customer329@example.com,Australia,2025-10-31,smb,false
CUST00330,Customer 330,customer330@example.com,Malaysia,2024-01-30,smb,false
CUST00331,Customer 331,customer331@example.com,Malaysia,2025-10-18,smb,true
CUST00332,Customer 332,customer332@example.com,Indonesia,2025-10-26,smb,false
CUST00333,Customer 333,customer333@example.com,Vietnam,2024-12-07,smb,false
CUST00334,Customer 334,customer334@example.com,Malaysia,2025-09-22,enterprise,true
CUST00335,Customer 335,customer335@example.com,Australia,2024-10-18,consumer,false
CUST00336,Customer 336,customer336@example.com,Australia,2025-01-19,smb,false
CUST00337,Customer 337,customer337@example.com,Malaysia,2023-12-16,smb,false
CUST00338,Customer 338,customer338@example.com,Vietnam,2025-02-15,smb,true
CUST00339,Customer 339,customer339@example.com,Australia,2024-01-29,consumer,true
CUST00340,Customer 340,customer340@example.com,Malaysia,2023-09-03,consumer,false
CUST00341,Customer 341,customer341@example.com,Philippines,2025-09-25,consumer,true
CUST00342,Customer 342,customer342@example.com,Philippines,2024-05-11,enterprise,true
CUST00343,Customer 343,customer343@example.com,Philippines,2024-11-07,enterprise,false
CUST00344,Customer 344,customer344@example.com,Singapore,2023-07-28,smb,false
CUST00345,Customer 345,customer345@example.com,Malaysia,2025-01-06,enterprise,true
CUST00346,Customer 346,customer346@example.com,Australia,2025-07-27,consumer,true
CUST00347,Customer 347,customer347@example.com,Philippines,2025-01-08,consumer,false
CUST00348,Customer 348,customer348@example.com,Thailand,2024-05-24,smb,true
CUST00349,Customer 349,customer349@example.com,Vietnam,2024-04-18,consumer,true
CUST00350,Customer 350,customer350@example.com,Vietnam,2025-03-28,smb,false
CUST00351,Customer 351,customer351@example.com,Indonesia,2025-12-26,consumer,false
CUST00352,Customer 352,customer352@example.com,Indonesia,2025-10-22,enterprise,true
CUST00353,Customer 353,customer353@example.com,Thailand,2025-09-30,smb,false
CUST00354,Customer 354,customer354@example.com,Philippines,2024-09-24,consumer,false
CUST00355,Customer 355,customer355@example.com,Philippines,2025-02-16,enterprise,true
CUST00356,Customer 356,customer356@example.com,Indonesia,2025-11-09,consumer,true
CUST00357,Customer 357,customer357@example.com,Malaysia,2024-02-11,smb,false
CUST00358,Customer 358,customer358@example.com,India,2024-02-24,smb,false
CUST00359,Customer 359,customer359@example.com,Vietnam,2024-11-03,consumer,true
CUST00360,Customer 360,customer360@example.com,India,2025-01-13,consumer,false
CUST00361,Customer 361,customer361@example.com,Australia,2024-02-07,enterprise,false
CUST00362,Customer 362,customer362@example.com,Thailand,2025-11-16,smb,true
CUST00363,Customer 363,customer363@example.com,Thailand,2025-12-25,smb,true
CUST00364,Customer 364,customer364@example.com,Indonesia,2023-11-08,smb,false
CUST00365,Customer 365,customer365@example.com,Malaysia,2025-01-31,consumer,false
CUST00366,Customer 366,customer366@example.com,India,2023-11-29,consumer,true
CUST00367,Customer 367,customer367@example.com,Thailand,2024-12-08,enterprise,false
CUST00368,Customer 368,customer368@example.com,India,2025-10-20,enterprise,true
CUST00369,Customer 369,customer369@example.com,Singapore,2024-10-12,smb,true
CUST00370,Customer 370,customer370@example.com,Philippines,2023-08-03,enterprise,false
CUST00371,Customer 371,customer371@example.com,India,2024-05-24,enterprise,false
CUST00372,Customer 372,customer372@example.com,Malaysia,2025-03-11,smb,true
CUST00373,Customer 373,customer373@example.com,Indonesia,2025-02-03,enterprise,false
CUST00374,Customer 374,customer374@example.com,Philippines,2023-09-03,consumer,false
CUST00375,Customer 375,customer375@example.com,Malaysia,2023-08-21,consumer,false
CUST00376,Customer 376,customer376@example.com,India,2024-05-08,enterprise,true
CUST00377,Customer 377,customer377@example.com,Vietnam,2024-11-22,enterprise,false
CUST00378,Customer 378,customer378@example.com,Philippines,2025-05-20,consumer,true
CUST00379,Customer 379,customer379@example.com,Malaysia,2024-07-28,enterprise,true
CUST00380,Customer 380,customer380@example.com,Philippines,2023-10-30,smb,true
CUST00381,Customer 381,customer381@example.com,Malaysia,2025-05-05,consumer,false
CUST00382,Customer 382,customer382@example.com,Indonesia,2025-06-13,enterprise,true
CUST00383,Customer 383,customer383@example.com,Malaysia,2023-11-15,consumer,false
CUST00384,Customer 384,customer384@example.com,Australia,2024-09-13,enterprise,false
CUST00385,Customer 385,customer385@example.com,Philippines,2023-08-01,consumer,false
CUST00386,Customer 386,customer386@example.com,Australia,2025-10-24,smb,false
CUST00387,Customer 387,customer387@example.com,Vietnam,2023-10-09,enterprise,true
CUST00388,Customer 388,customer388@example.com,Malaysia,2025-01-06,smb,false
CUST00389,Customer 389,customer389@example.com,Singapore,2024-09-26,consumer,false
CUST00390,Customer 390,customer390@example.com,Vietnam,2023-09-03,consumer,true
CUST00391,Customer 391,customer391@example.com,India,2024-04-12,smb,true
CUST00392,Customer 392,customer392@example.com,Thailand,2024-09-28,smb,false
CUST00393,Customer 393,customer393@example.com,Indonesia,2024-08-06,consumer,false
CUST00394,Customer 394,customer394@example.com,Philippines,2025-09-18,enterprise,true
CUST00395,Customer 395,customer395@example.com,Indonesia,2024-08-03,consumer,true
CUST00396,Customer 396,customer396@example.com,Australia,2024-01-08,smb,true
CUST00397,Customer 397,customer397@example.com,Philippines,2024-12-25,smb,false
CUST00398,Customer 398,customer398@example.com,Philippines,2024-11-09,enterprise,true
CUST00399,Customer 399,customer399@example.com,Philippines,2023-10-16,consumer,false
CUST00400,Customer 400,customer400@example.com,India,2025-09-27,smb,false
CUST00401,Customer 401,customer401@example.com,Indonesia,2023-12-22,smb,true
CUST00402,Customer 402,customer402@example.com,Indonesia,2024-05-15,smb,false
CUST00403,Customer 403,customer403@example.com,India,2024-03-01,consumer,true
CUST00404,Customer 404,customer404@example.com,India,2025-02-18,enterprise,false
CUST00405,Customer 405,customer405@example.com,Indonesia,2023-09-22,enterprise,true
CUST00406,Customer 406,customer406@example.com,India,2024-03-11,enterprise,false
CUST00407,Customer 407,customer407@example.com,Philippines,2025-12-14,smb,true
CUST00408,Customer 408,customer408@example.com,Philippines,2025-05-27,smb,true
CUST00409,Customer 409,customer409@example.com,Indonesia,2025-05-15,consumer,true
CUST00410,Customer 410,customer410@example.com,Malaysia,2025-03-05,enterprise,true
CUST00411,Customer 411,customer411@example.com,Philippines,2024-02-24,enterprise,true
CUST00412,Customer 412,customer412@example.com,India,2024-04-30,consumer,true
CUST00413,Customer 413,customer413@example.com,Indonesia,2025-06-30,enterprise,false
CUST00414,Customer 414,customer414@example.com,India,2025-11-18,smb,true
CUST00415,Customer 415,customer415@example.com,Vietnam,2024-10-04,enterprise,false
CUST00416,Customer 416,customer416@example.com,Thailand,2025-05-07,smb,false
CUST00417,Customer 417,customer417@example.com,Thailand,2023-08-30,smb,false
CUST00418,Customer 418,customer418@example.com,Vietnam,2024-09-16,smb,false
CUST00419,Customer 419,customer419@example.com,Thailand,2025-07-20,enterprise,true
CUST00420,Customer 420,customer420@example.com,Vietnam,2023-07-23,consumer,false
CUST00421,Customer 421,customer421@example.com,Philippines,2023-07-21,enterprise,true
CUST00422,Customer 422,customer422@example.com,Malaysia,2024-01-04,smb,true
CUST00423,Customer 423,customer423@example.com,Indonesia,2023-11-12,smb,false
CUST00424,Customer 424,customer424@example.com,Indonesia,2024-07-25,smb,true
CUST00425,Customer 425,customer425@example.com,Australia,2025-05-19,smb,true
CUST00426,Customer 426,customer426@example.com,Singapore,2024-11-03,smb,false
CUST00427,Customer 427,customer427@example.com,India,2025-05-05,consumer,false
CUST00428,Customer 428,customer428@example.com,Singapore,2025-05-17,smb,true
CUST00429,Customer 429,customer429@example.com,Philippines,2023-08-26,consumer,true
CUST00430,Customer 430,customer430@example.com,Vietnam,2025-11-23,smb,true
CUST00431,Customer 431,customer431@example.com,Australia,2023-11-16,smb,true
CUST00432,Customer 432,customer432@example.com,Singapore,2025-10-12,smb,true
CUST00433,Customer 433,customer433@example.com,Indonesia,2023-08-30,enterprise,false
CUST00434,Customer 434,customer434@example.com,Vietnam,2025-09-10,consumer,false
CUST00435,Customer 435,customer435@example.com,Singapore,2025-08-30,consumer,false
CUST00436,Customer 436,customer436@example.com,Australia,2024-03-18,consumer,true
CUST00437,Customer 437,customer437@example.com,Australia,2023-08-29,enterprise,true
CUST00438,Customer 438,customer438@example.com,Thailand,2024-03-25,enterprise,true
CUST00439,Customer 439,customer439@example.com,India,2025-03-09,consumer,false
CUST00440,Customer 440,customer440@example.com,India,2025-04-30,consumer,true
CUST00441,Customer 441,customer441@example.com,Philippines,2024-07-14,consumer,true
CUST00442,Customer 442,customer442@example.com,Australia,2024-11-28,consumer,false
CUST00443,Customer 443,customer443@example.com,Vietnam,2024-12-15,enterprise,true
CUST00444,Customer 444,customer444@example.com,Malaysia,2025-01-01,smb,true
CUST00445,Customer 445,customer445@example.com,Malaysia,2023-12-13,enterprise,false
CUST00446,Customer 446,customer446@example.com,Singapore,2025-08-18,smb,false
CUST00447,Customer 447,customer447@example.com,Indonesia,2023-09-21,enterprise,false
CUST00448,Customer 448,customer448@example.com,Australia,2024-01-20,enterprise,true
CUST00449,Customer 449,customer449@example.com,Indonesia,2023-09-24,consumer,false
CUST00450,Customer 450,customer450@example.com,Vietnam,2025-11-25,consumer,true
CUST00451,Customer 451,customer451@example.com,Thailand,2023-10-14,consumer,false
CUST00452,Customer 452,customer452@example.com,India,2025-02-18,enterprise,false
CUST00453,Customer 453,customer453@example.com,Singapore,2025-04-17,enterprise,true
CUST00454,Customer 454,customer454@example.com,Philippines,2025-03-15,consumer,false
CUST00455,Customer 455,customer455@example.com,Malaysia,2025-03-28,smb,false
CUST00456,Customer 456,customer456@example.com,Australia,2024-11-18,smb,false
CUST00457,Customer 457,customer457@example.com,Australia,2025-06-24,enterprise,false
CUST00458,Customer 458,customer458@example.com,Vietnam,2024-12-21,consumer,false
CUST00459,Customer 459,customer459@example.com,India,2025-10-13,enterprise,true
CUST00460,Customer 460,customer460@example.com,Vietnam,2024-06-22,smb,true
CUST00461,Customer 461,customer461@example.com,Philippines,2025-10-12,enterprise,false
CUST00462,Customer 462,customer462@example.com,Australia,2025-02-22,enterprise,false
CUST00463,Customer 463,customer463@example.com,Australia,2025-07-15,smb,false
CUST00464,Customer 464,customer464@example.com,Philippines,2025-11-19,enterprise,false
CUST00465,Customer 465,customer465@example.com,Singapore,2025-03-26,consumer,false
CUST00466,Customer 466,customer466@example.com,Indonesia,2024-12-25,consumer,true
CUST00467,Customer 467,customer467@example.com,Australia,2023-08-16,consumer,true
CUST00468,Customer 468,customer468@example.com,Thailand,2025-10-25,enterprise,false
CUST00469,Customer 469,customer469@example.com,India,2024-12-27,enterprise,true
CUST00470,Customer 470,customer470@example.com,Indonesia,2024-04-22,enterprise,false
CUST00471,Customer 471,customer471@example.com,Philippines,2024-12-18,smb,true
CUST00472,Customer 472,customer472@example.com,Indonesia,2024-05-24,enterprise,false
CUST00473,Customer 473,customer473@example.com,Philippines,2024-11-20,enterprise,false
CUST00474,Customer 474,customer474@example.com,Malaysia,2025-04-21,consumer,true
CUST00475,Customer 475,customer475@example.com,India,2024-08-08,enterprise,true
CUST00476,Customer 476,customer476@example.com,Vietnam,2025-04-08,enterprise,false
CUST00477,Customer 477,customer477@example.com,Vietnam,2025-05-27,enterprise,false
CUST00478,Customer 478,customer478@example.com,Malaysia,2025-06-11,consumer,true
CUST00479,Customer 479,customer479@example.com,Indonesia,2024-09-26,enterprise,false
CUST00480,Customer 480,customer480@example.com,Philippines,2025-10-04,enterprise,false
CUST00481,Customer 481,customer481@example.com,Malaysia,2024-01-06,enterprise,false
CUST00482,Customer 482,customer482@example.com,Indonesia,2025-02-28,enterprise,true
CUST00483,Customer 483,customer483@example.com,Philippines,2023-10-12,enterprise,true
CUST00484,Customer 484,customer484@example.com,Thailand,2025-08-30,consumer,true
CUST00485,Customer 485,customer485@example.com,Australia,2023-10-15,consumer,false
CUST00486,Customer 486,customer486@example.com,Philippines,2024-06-13,smb,true
CUST00487,Customer 487,customer487@example.com,Malaysia,2024-04-15,consumer,false
CUST00488,Customer 488,customer488@example.com,Australia,2024-11-20,enterprise,false
CUST00489,Customer 489,customer489@example.com,India,2023-11-06,enterprise,true
CUST00490,Customer 490,customer490@example.com,Philippines,2025-08-26,enterprise,true
CUST00491,Customer 491,customer491@example.com,Australia,2024-09-28,enterprise,false
CUST00492,Customer 492,customer492@example.com,Indonesia,2025-08-23,consumer,false
CUST00493,Customer 493,customer493@example.com,Singapore,2024-08-05,consumer,true
CUST00494,Customer 494,customer494@example.com,Indonesia,2025-02-24,consumer,false
CUST00495,Customer 495,customer495@example.com,Thailand,2024-01-06,smb,false
CUST00496,Customer 496,customer496@example.com,Malaysia,2023-08-19,smb,true
CUST00497,Customer 497,customer497@example.com,Vietnam,2024-03-22,consumer,false
CUST00498,Customer 498,customer498@example.com,Malaysia,2024-04-12,enterprise,true
CUST00499,Customer 499,customer499@example.com,Indonesia,2024-05-05,consumer,false
CUST00500,Customer 500,customer500@example.com,Singapore,2023-08-23,consumer,true
CUST00501,Customer 501,customer501@example.com,Vietnam,2025-11-16,enterprise,true
CUST00502,Customer 502,customer502@example.com,India,2023-11-08,enterprise,true
CUST00503,Customer 503,customer503@example.com,Vietnam,2024-08-10,enterprise,false
CUST00504,Customer 504,customer504@example.com,Thailand,2024-08-25,enterprise,false
CUST00505,Customer 505,customer505@example.com,Australia,2025-03-03,consumer,true
CUST00506,Customer 506,customer506@example.com,Australia,2025-07-24,smb,false
CUST00507,Customer 507,customer507@example.com,Thailand,2024-09-13,smb,true
CUST00508,Customer 508,customer508@example.com,Philippines,2025-02-15,enterprise,false
CUST00509,Customer 509,customer509@example.com,Indonesia,2024-11-19,smb,true
CUST00510,Customer 510,customer510@example.com,Thailand,2025-02-09,smb,true
CUST00511,Customer 511,customer511@example.com,Australia,2025-04-03,consumer,true
CUST00512,Customer 512,customer512@example.com,Singapore,2025-09-24,smb,false
CUST00513,Customer 513,customer513@example.com,India,2023-08-01,consumer,true
CUST00514,Customer 514,customer514@example.com,Philippines,2023-09-21,enterprise,false
CUST00515,Customer 515,customer515@example.com,Indonesia,2025-06-21,smb,false
CUST00516,Customer 516,customer516@example.com,Vietnam,2024-08-09,smb,true
CUST00517,Customer 517,customer517@example.com,India,2025-10-01,enterprise,false
CUST00518,Customer 518,customer518@example.com,Thailand,2025-04-30,enterprise,false
CUST00519,Customer 519,customer519@example.com,Singapore,2025-11-13,smb,false
CUST00520,Customer 520,customer520@example.com,Australia,2024-04-30,smb,true
CUST00521,Customer 521,customer521@example.com,Malaysia,2023-08-18,smb,true
CUST00522,Customer 522,customer522@example.com,Philippines,2025-04-06,smb,false
CUST00523,Customer 523,customer523@example.com,India,2025-11-16,consumer,true
CUST00524,Customer 524,customer524@example.com,Vietnam,2024-12-26,consumer,false
CUST00525,Customer 525,customer525@example.com,Australia,2024-08-03,enterprise,false
CUST00526,Customer 526,customer526@example.com,Malaysia,2023-09-09,consumer,true
CUST00527,Customer 527,customer527@example.com,Philippines,2024-11-24,smb,false
CUST00528,Customer 528,customer528@example.com,Indonesia,2023-11-20,consumer,false
CUST00529,Customer 529,customer529@example.com,Singapore,2024-08-07,consumer,true
CUST00530,Customer 530,customer530@example.com,Philippines,2025-08-14,smb,false
CUST00531,Customer 531,customer531@example.com,Indonesia,2025-08-02,smb,false
CUST00532,Customer 532,customer532@example.com,India,2025-07-19,enterprise,false
CUST00533,Customer 533,customer533@example.com,Philippines,2024-05-04,enterprise,false
CUST00534,Customer 534,customer534@example.com,Vietnam,2024-01-07,smb,true
CUST00535,Customer 535,customer535@example.com,Philippines,2024-12-20,enterprise,true
CUST00536,Customer 536,customer536@example.com,Vietnam,2024-11-01,enterprise,true
CUST00537,Customer 537,customer537@example.com,Australia,2024-04-30,smb,true
CUST00538,Customer 538,customer538@example.com,Singapore,2023-12-25,enterprise,false
CUST00539,Customer 539,customer539@example.com,India,2025-07-11,consumer,true
CUST00540,Customer 540,customer540@example.com,Malaysia,2025-11-30,consumer,true
CUST00541,Customer 541,customer541@example.com,Philippines,2024-10-07,smb,true
CUST00542,Customer 542,customer542@example.com,Thailand,2024-11-05,smb,false
CUST00543,Customer 543,customer543@example.com,Singapore,2023-07-23,enterprise,true
CUST00544,Customer 544,customer544@example.com,Thailand,2024-07-19,enterprise,false
CUST00545,Customer 545,customer545@example.com,Australia,2024-02-23,enterprise,false
CUST00546,Customer 546,customer546@example.com,Indonesia,2025-02-14,smb,false
CUST00547,Customer 547,customer547@example.com,Philippines,2024-06-21,enterprise,false
CUST00548,Customer 548,customer548@example.com,Australia,2024-04-17,consumer,true
CUST00549,Customer 549,customer549@example.com,Vietnam,2025-03-22,consumer,false
CUST00550,Customer 550,customer550@example.com,Vietnam,2023-11-04,enterprise,true
CUST00551,Customer 551,customer551@example.com,Australia,2024-01-26,smb,false
CUST00552,Customer 552,customer552@example.com,Vietnam,2025-01-09,smb,true
CUST00553,Customer 553,customer553@example.com,India,2024-05-24,smb,false
CUST00554,Customer 554,customer554@example.com,Indonesia,2023-11-02,smb,true
CUST00555,Customer 555,customer555@example.com,Malaysia,2025-03-13,smb,false
CUST00556,Customer 556,customer556@example.com,Vietnam,2024-03-01,enterprise,false
CUST00557,Customer 557,customer557@example.com,Thailand,2025-05-27,enterprise,false
CUST00558,Customer 558,customer558@example.com,Vietnam,2024-06-05,consumer,true
CUST00559,Customer 559,customer559@example.com,Thailand,2024-04-11,consumer,true
CUST00560,Customer 560,customer560@example.com,Thailand,2024-02-16,enterprise,true
CUST00561,Customer 561,customer561@example.com,Malaysia,2025-11-09,smb,false
CUST00562,Customer 562,customer562@example.com,Australia,2023-12-29,consumer,true
CUST00563,Customer 563,customer563@example.com,Indonesia,2025-12-27,smb,false
CUST00564,Customer 564,customer564@example.com,Thailand,2024-08-31,smb,false
CUST00565,Customer 565,customer565@example.com,Singapore,2025-03-15,consumer,true
CUST00566,Customer 566,customer566@example.com,Singapore,2024-07-03,consumer,false
CUST00567,Customer 567,customer567@example.com,Indonesia,2023-08-28,consumer,false
CUST00568,Customer 568,customer568@example.com,Australia,2023-10-18,consumer,false
CUST00569,Customer 569,customer569@example.com,Singapore,2023-07-19,consumer,false
CUST00570,Customer 570,customer570@example.com,Malaysia,2024-05-30,smb,false
CUST00571,Customer 571,customer571@example.com,Australia,2024-09-23,consumer,false
CUST00572,Customer 572,customer572@example.com,Thailand,2025-03-28,consumer,false
CUST00573,Customer 573,customer573@example.com,Australia,2025-07-19,enterprise,false
CUST00574,Customer 574,customer574@example.com,Indonesia,2023-12-28,consumer,false
CUST00575,Customer 575,customer575@example.com,Vietnam,2023-10-15,enterprise,true
CUST00576,Customer 576,customer576@example.com,India,2025-07-06,smb,false
CUST00577,Customer 577,customer577@example.com,India,2025-10-05,enterprise,true
CUST00578,Customer 578,customer578@example.com,Indonesia,2025-06-26,smb,false
CUST00579,Customer 579,customer579@example.com,Singapore,2025-04-22,smb,false
CUST00580,Customer 580,customer580@example.com,Australia,2025-05-05,smb,false
CUST00581,Customer 581,customer581@example.com,Singapore,2025-02-26,smb,false
CUST00582,Customer 582,customer582@example.com,Thailand,2024-01-23,consumer,true
CUST00583,Customer 583,customer583@example.com,Vietnam,2024-09-12,consumer,false
CUST00584,Customer 584,customer584@example.com,Vietnam,2024-01-30,enterprise,true
CUST00585,Customer 585,customer585@example.com,Vietnam,2024-03-18,smb,true
CUST00586,Customer 586,customer586@example.com,Indonesia,2025-05-22,smb,true
CUST00587,Customer 587,customer587@example.com,Philippines,2024-09-23,smb,false
CUST00588,Customer 588,customer588@example.com,Thailand,2023-11-18,consumer,true
CUST00589,Customer 589,customer589@example.com,Australia,2024-07-12,enterprise,false
CUST00590,Customer 590,customer590@example.com,Malaysia,2025-10-14,consumer,true
CUST00591,Customer 591,customer591@example.com,Indonesia,2024-05-25,consumer,false
CUST00592,Customer 592,customer592@example.com,Australia,2023-08-11,consumer,true
CUST00593,Customer 593,customer593@example.com,Australia,2023-12-29,consumer,false
CUST00594,Customer 594,customer594@example.com,Singapore,2023-09-26,smb,true
CUST00595,Customer 595,customer595@example.com,India,2024-07-25,smb,true
CUST00596,Customer 596,customer596@example.com,Australia,2024-06-08,enterprise,false
CUST00597,Customer 597,customer597@example.com,Singapore,2023-12-23,smb,false
CUST00598,Customer 598,customer598@example.com,Singapore,2023-09-18,enterprise,true
CUST00599,Customer 599,customer599@example.com,Malaysia,2024-05-19,consumer,false
CUST00600,Customer 600,customer600@example.com,Malaysia,2025-01-14,enterprise,true
CUST00601,Customer 601,customer601@example.com,Australia,2025-10-23,consumer,false
CUST00602,Customer 602,customer602@example.com,Indonesia,2024-11-09,consumer,false
CUST00603,Customer 603,customer603@example.com,India,2024-12-14,smb,false
CUST00604,Customer 604,customer604@example.com,Malaysia,2024-12-13,enterprise,true
CUST00605,Customer 605,customer605@example.com,Philippines,2024-03-03,consumer,true
CUST00606,Customer 606,customer606@example.com,India,2024-06-30,enterprise,true
CUST00607,Customer 607,customer607@example.com,Thailand,2023-12-18,consumer,true
CUST00608,Customer 608,customer608@example.com,Australia,2025-03-02,enterprise,false
CUST00609,Customer 609,customer609@example.com,India,2024-07-06,consumer,true
CUST00610,Customer 610,customer610@example.com,Philippines,2024-09-17,consumer,false
CUST00611,Customer 611,customer611@example.com,Malaysia,2025-06-22,consumer,false
CUST00612,Customer 612,customer612@example.com,Singapore,2024-04-12,consumer,true
CUST00613,Customer 613,customer613@example.com,Malaysia,2025-10-25,enterprise,true
CUST00614,Customer 614,customer614@example.com,Singapore,2024-10-01,consumer,true
CUST00615,Customer 615,customer615@example.com,Australia,2024-11-16,consumer,true
CUST00616,Customer 616,customer616@example.com,Singapore,2023-11-21,consumer,false
CUST00617,Customer 617,customer617@example.com,Philippines,2025-05-07,enterprise,false
CUST00618,Customer 618,customer618@example.com,Vietnam,2025-05-04,consumer,true
CUST00619,Customer 619,customer619@example.com,Vietnam,2024-11-04,smb,true
CUST00620,Customer 620,customer620@example.com,Indonesia,2024-06-10,enterprise,false
CUST00621,Customer 621,customer621@example.com,Australia,2024-06-11,consumer,false
CUST00622,Customer 622,customer622@example.com,India,2024-03-14,enterprise,false
CUST00623,Customer 623,customer623@example.com,India,2024-01-19,smb,true
CUST00624,Customer 624,customer624@example.com,India,2025-02-28,consumer,false
CUST00625,Customer 625,customer625@example.com,Thailand,2025-04-30,smb,true
CUST00626,Customer 626,customer626@example.com,Australia,2023-09-29,consumer,false
CUST00627,Customer 627,customer627@example.com,Indonesia,2024-11-01,smb,true
CUST00628,Customer 628,customer628@example.com,Thailand,2025-04-15,smb,true
CUST00629,Customer 629,customer629@example.com,Philippines,2024-09-28,consumer,true
CUST00630,Customer 630,customer630@example.com,Vietnam,2025-11-10,smb,true
CUST00631,Customer 631,customer631@example.com,Malaysia,2023-07-22,consumer,true
CUST00632,Customer 632,customer632@example.com,Thailand,2024-08-29,smb,false
CUST00633,Customer 633,customer633@example.com,Thailand,2025-12-17,consumer,true
CUST00634,Customer 634,customer634@example.com,Australia,2023-11-29,consumer,true
CUST00635,Customer 635,customer635@example.com,Thailand,2024-11-21,enterprise,false
CUST00636,Customer 636,customer636@example.com,Vietnam,2023-10-30,smb,false
CUST00637,Customer 637,customer637@example.com,Philippines,2024-07-04,smb,false
CUST00638,Customer 638,customer638@example.com,Australia,2024-12-29,smb,true
CUST00639,Customer 639,customer639@example.com,Australia,2023-10-02,smb,true
CUST00640,Customer 640,customer640@example.com,Philippines,2024-12-18,smb,true
CUST00641,Customer 641,customer641@example.com,Thailand,2024-06-04,enterprise,true
CUST00642,Customer 642,customer642@example.com,Vietnam,2025-12-16,enterprise,false
CUST00643,Customer 643,customer643@example.com,Indonesia,2025-03-05,consumer,false
CUST00644,Customer 644,customer644@example.com,India,2025-05-11,enterprise,true
CUST00645,Customer 645,customer645@example.com,Philippines,2024-08-08,smb,false
CUST00646,Customer 646,customer646@example.com,Australia,2023-12-23,smb,true
CUST00647,Customer 647,customer647@example.com,Philippines,2023-12-13,consumer,true
CUST00648,Customer 648,customer648@example.com,Australia,2023-12-26,consumer,true
CUST00649,Customer 649,customer649@example.com,Singapore,2024-07-14,consumer,true
CUST00650,Customer 650,customer650@example.com,Singapore,2023-11-11,smb,true
CUST00651,Customer 651,customer651@example.com,Thailand,2023-08-23,consumer,true
CUST00652,Customer 652,customer652@example.com,Thailand,2025-12-23,enterprise,false
CUST00653,Customer 653,customer653@example.com,Singapore,2024-12-15,enterprise,false
CUST00654,Customer 654,customer654@example.com,Australia,2024-02-26,consumer,true
CUST00655,Customer 655,customer655@example.com,India,2024-07-06,consumer,true
CUST00656,Customer 656,customer656@example.com,Vietnam,2024-07-08,enterprise,false
CUST00657,Customer 657,customer657@example.com,India,2025-12-15,consumer,true
CUST00658,Customer 658,customer658@example.com,Indonesia,2025-09-25,consumer,true
CUST00659,Customer 659,customer659@example.com,Vietnam,2024-04-07,smb,false
CUST00660,Customer 660,customer660@example.com,India,2023-10-10,consumer,false
CUST00661,Customer 661,customer661@example.com,Australia,2024-11-12,enterprise,true
CUST00662,Customer 662,customer662@example.com,Thailand,2024-01-19,smb,true
CUST00663,Customer 663,customer663@example.com,Singapore,2024-03-03,consumer,false
CUST00664,Customer 664,customer664@example.com,India,2024-12-09,enterprise,false
CUST00665,Customer 665,customer665@example.com,Singapore,2025-11-05,enterprise,true
CUST00666,Customer 666,customer666@example.com,Australia,2025-10-09,smb,false
CUST00667,Customer 667,customer667@example.com,Malaysia,2024-06-01,enterprise,true
CUST00668,Customer 668,customer668@example.com,Thailand,2025-05-11,enterprise,false
CUST00669,Customer 669,customer669@example.com,Singapore,2025-03-30,consumer,false
CUST00670,Customer 670,customer670@example.com,Singapore,2024-06-24,consumer,false
CUST00671,Customer 671,customer671@example.com,Thailand,2025-12-16,enterprise,true
CUST00672,Customer 672,customer672@example.com,India,2023-11-23,consumer,false
CUST00673,Customer 673,customer673@example.com,Thailand,2025-07-19,enterprise,false
CUST00674,Customer 674,customer674@example.com,Philippines,2024-02-08,smb,true
CUST00675,Customer 675,customer675@example.com,Malaysia,2023-10-15,enterprise,false
CUST00676,Customer 676,customer676@example.com,Malaysia,2025-11-08,smb,true
CUST00677,Customer 677,customer677@example.com,Malaysia,2023-08-27,smb,false
CUST00678,Customer 678,customer678@example.com,Philippines,2023-11-01,consumer,false
CUST00679,Customer 679,customer679@example.com,Australia,2023-10-22,smb,true
CUST00680,Customer 680,customer680@example.com,India,2025-01-02,smb,true
CUST00681,Customer 681,customer681@example.com,India,2024-02-05,consumer,false
CUST00682,Customer 682,customer682@example.com,Thailand,2023-10-07,enterprise,true
CUST00683,Customer 683,customer683@example.com,Vietnam,2025-10-09,consumer,false
CUST00684,Customer 684,customer684@example.com,Indonesia,2024-01-04,enterprise,false
CUST00685,Customer 685,customer685@example.com,Philippines,2025-02-11,consumer,true
CUST00686,Customer 686,customer686@example.com,Vietnam,2025-12-27,smb,false
CUST00687,Customer 687,customer687@example.com,Vietnam,2023-11-14,consumer,true
CUST00688,Customer 688,customer688@example.com,Indonesia,2025-10-04,smb,false
CUST00689,Customer 689,customer689@example.com,India,2024-06-10,consumer,true
CUST00690,Customer 690,customer690@example.com,Philippines,2025-10-02,enterprise,true
CUST00691,Customer 691,customer691@example.com,Philippines,2024-04-30,smb,true
CUST00692,Customer 692,customer692@example.com,India,2025-03-09,smb,true
CUST00693,Customer 693,customer693@example.com,Thailand,2023-12-21,enterprise,true
CUST00694,Customer 694,customer694@example.com,India,2024-01-31,consumer,true
CUST00695,Customer 695,customer695@example.com,Vietnam,2025-04-01,smb,false
CUST00696,Customer 696,customer696@example.com,Malaysia,2025-08-05,consumer,false
CUST00697,Customer 697,customer697@example.com,India,2025-03-25,smb,false
CUST00698,Customer 698,customer698@example.com,Malaysia,2023-10-23,smb,false
CUST00699,Customer 699,customer699@example.com,Australia,2025-04-24,enterprise,true
CUST00700,Customer 700,customer700@example.com,Malaysia,2024-09-20,consumer,false
CUST00701,Customer 701,customer701@example.com,India,2025-12-26,smb,false
CUST00702,Customer 702,customer702@example.com,Philippines,2023-10-01,smb,false
CUST00703,Customer 703,customer703@example.com,Indonesia,2024-10-18,smb,false
CUST00704,Customer 704,customer704@example.com,Thailand,2024-04-24,smb,false
CUST00705,Customer 705,customer705@example.com,India,2025-07-04,smb,false
CUST00706,Customer 706,customer706@example.com,Australia,2023-12-11,enterprise,true
CUST00707,Customer 707,customer707@example.com,India,2025-02-02,smb,false
CUST00708,Customer 708,customer708@example.com,Malaysia,2024-12-24,enterprise,true
CUST00709,Customer 709,customer709@example.com,Indonesia,2024-05-05,enterprise,true
CUST00710,Customer 710,customer710@example.com,Australia,2023-12-19,enterprise,true
CUST00711,Customer 711,customer711@example.com,Vietnam,2024-10-10,enterprise,true
CUST00712,Customer 712,customer712@example.com,India,2023-09-16,enterprise,false
CUST00713,Customer 713,customer713@example.com,Vietnam,2025-08-12,consumer,false
CUST00714,Customer 714,customer714@example.com,Indonesia,2024-02-27,enterprise,false
CUST00715,Customer 715,customer715@example.com,India,2023-10-16,consumer,false
CUST00716,Customer 716,customer716@example.com,Australia,2024-04-29,enterprise,false
CUST00717,Customer 717,customer717@example.com,India,2024-07-03,enterprise,true
CUST00718,Customer 718,customer718@example.com,Philippines,2023-10-15,enterprise,true
CUST00719,Customer 719,customer719@example.com,Thailand,2025-09-12,enterprise,false
CUST00720,Customer 720,customer720@example.com,Singapore,2025-07-15,enterprise,false
CUST00721,Customer 721,customer721@example.com,Philippines,2023-11-23,smb,true
CUST00722,Customer 722,customer722@example.com,Malaysia,2025-12-22,smb,true
CUST00723,Customer 723,customer723@example.com,Thailand,2024-07-28,smb,false
CUST00724,Customer 724,customer724@example.com,Australia,2024-11-27,enterprise,true
CUST00725,Customer 725,customer725@example.com,Singapore,2025-01-13,smb,true
CUST00726,Customer 726,customer726@example.com,India,2025-03-05,consumer,true
CUST00727,Customer 727,customer727@example.com,Indonesia,2023-09-03,smb,false
CUST00728,Customer 728,customer728@example.com,Australia,2025-01-15,consumer,false
CUST00729,Customer 729,customer729@example.com,Australia,2025-01-10,consumer,false
CUST00730,Customer 730,customer730@example.com,Australia,2023-12-24,smb,true
CUST00731,Customer 731,customer731@example.com,Singapore,2025-02-28,enterprise,true
CUST00732,Customer 732,customer732@example.com,Philippines,2025-12-09,enterprise,true
CUST00733,Customer 733,customer733@example.com,Indonesia,2024-02-08,enterprise,true
CUST00734,Customer 734,customer734@example.com,Indonesia,2024-07-22,enterprise,true
CUST00735,Customer 735,customer735@example.com,India,2025-01-28,smb,true
CUST00736,Customer 736,customer736@example.com,India,2023-10-08,enterprise,true
CUST00737,Customer 737,customer737@example.com,India,2025-06-25,smb,true
CUST00738,Customer 738,customer738@example.com,Thailand,2023-12-08,smb,false
CUST00739,Customer 739,customer739@example.com,Singapore,2024-11-29,enterprise,true
CUST00740,Customer 740,customer740@example.com,Vietnam,2025-06-05,enterprise,true
CUST00741,Customer 741,customer741@example.com,Malaysia,2024-05-20,enterprise,true
CUST00742,Customer 742,customer742@example.com,Philippines,2024-12-23,consumer,false
CUST00743,Customer 743,customer743@example.com,Vietnam,2025-09-07,enterprise,false
CUST00744,Customer 744,customer744@example.com,Philippines,2024-07-10,enterprise,false
CUST00745,Customer 745,customer745@example.com,India,2024-04-16,enterprise,true
CUST00746,Customer 746,customer746@example.com,Philippines,2025-01-10,smb,true
CUST00747,Customer 747,customer747@example.com,Vietnam,2023-09-21,enterprise,true
CUST00748,Customer 748,customer748@example.com,Indonesia,2024-02-13,smb,true
CUST00749,Customer 749,customer749@example.com,Vietnam,2025-05-02,consumer,true
CUST00750,Customer 750,customer750@example.com,Indonesia,2024-12-15,enterprise,false
CUST00751,Customer 751,customer751@example.com,Indonesia,2024-10-30,enterprise,false
CUST00752,Customer 752,customer752@example.com,Indonesia,2024-10-25,smb,true
CUST00753,Customer 753,customer753@example.com,Indonesia,2024-06-12,smb,false
CUST00754,Customer 754,customer754@example.com,Indonesia,2025-08-11,smb,false
CUST00755,Customer 755,customer755@example.com,Singapore,2024-04-07,smb,true
CUST00756,Customer 756,customer756@example.com,Indonesia,2024-08-23,consumer,false
CUST00757,Customer 757,customer757@example.com,Australia,2024-06-05,smb,false
CUST00758,Customer 758,customer758@example.com,Australia,2024-11-02,smb,true
CUST00759,Customer 759,customer759@example.com,Singapore,2025-10-09,consumer,false
CUST00760,Customer 760,customer760@example.com,Vietnam,2025-11-29,consumer,false
CUST00761,Customer 761,customer761@example.com,Australia,2025-07-13,enterprise,false
CUST00762,Customer 762,customer762@example.com,Malaysia,2024-06-18,enterprise,true
CUST00763,Customer 763,customer763@example.com,Philippines,2025-04-02,enterprise,true
CUST00764,Customer 764,customer764@example.com,Australia,2023-11-15,enterprise,true
CUST00765,Customer 765,customer765@example.com,Malaysia,2024-10-23,enterprise,true
CUST00766,Customer 766,customer766@example.com,Singapore,2025-03-03,smb,false
CUST00767,Customer 767,customer767@example.com,Malaysia,2025-01-10,smb,true
CUST00768,Customer 768,customer768@example.com,Thailand,2023-10-30,consumer,false
CUST00769,Customer 769,customer769@example.com,India,2023-08-04,consumer,true
CUST00770,Customer 770,customer770@example.com,Thailand,2023-10-21,consumer,true
CUST00771,Customer 771,customer771@example.com,Philippines,2024-05-28,enterprise,false
CUST00772,Customer 772,customer772@example.com,Indonesia,2024-04-30,smb,false
CUST00773,Customer 773,customer773@example.com,Vietnam,2025-03-11,enterprise,true
CUST00774,Customer 774,customer774@example.com,India,2025-08-16,consumer,false
CUST00775,Customer 775,customer775@example.com,Indonesia,2023-07-29,enterprise,true
CUST00776,Customer 776,customer776@example.com,Indonesia,2025-04-21,enterprise,false
CUST00777,Customer 777,customer777@example.com,Thailand,2023-09-06,enterprise,false
CUST00778,Customer 778,customer778@example.com,Indonesia,2024-08-18,enterprise,false
CUST00779,Customer 779,customer779@example.com,India,2024-03-30,smb,false
CUST00780,Customer 780,customer780@example.com,Malaysia,2025-10-16,smb,false
CUST00781,Customer 781,customer781@example.com,Philippines,2024-01-21,smb,false
CUST00782,Customer 782,customer782@example.com,Singapore,2025-01-31,enterprise,true
CUST00783,Customer 783,customer783@example.com,Australia,2023-12-15,enterprise,false
CUST00784,Customer 784,customer784@example.com,Malaysia,2023-08-15,enterprise,false
CUST00785,Customer 785,customer785@example.com,India,2025-05-23,consumer,false
CUST00786,Customer 786,customer786@example.com,Philippines,2025-04-02,smb,false
CUST00787,Customer 787,customer787@example.com,Indonesia,2024-06-20,enterprise,false
CUST00788,Customer 788,customer788@example.com,Philippines,2023-10-17,enterprise,true
CUST00789,Customer 789,customer789@example.com,Malaysia,2025-11-15,enterprise,false
CUST00790,Customer 790,customer790@example.com,Malaysia,2025-12-16,consumer,false
CUST00791,Customer 791,customer791@example.com,Singapore,2024-09-21,smb,true
CUST00792,Customer 792,customer792@example.com,Indonesia,2024-01-27,enterprise,false
CUST00793,Customer 793,customer793@example.com,Vietnam,2025-07-23,consumer,false
CUST00794,Customer 794,customer794@example.com,Malaysia,2025-04-20,smb,true
CUST00795,Customer 795,customer795@example.com,India,2025-11-09,enterprise,false
CUST00796,Customer 796,customer796@example.com,Thailand,2023-12-20,smb,true
CUST00797,Customer 797,customer797@example.com,Malaysia,2024-01-12,consumer,true
CUST00798,Customer 798,customer798@example.com,Malaysia,2024-08-31,consumer,true
CUST00799,Customer 799,customer799@example.com,Australia,2024-07-19,consumer,true
CUST00800,Customer 800,customer800@example.com,Philippines,2024-01-20,consumer,false
CUST00801,Customer 801,customer801@example.com,Indonesia,2024-01-22,smb,true
CUST00802,Customer 802,customer802@example.com,India,2025-05-12,consumer,true
CUST00803,Customer 803,customer803@example.com,Philippines,2025-09-18,smb,false
CUST00804,Customer 804,customer804@example.com,India,2025-08-14,consumer,true
CUST00805,Customer 805,customer805@example.com,Singapore,2025-10-23,enterprise,true
CUST00806,Customer 806,customer806@example.com,Philippines,2024-10-08,enterprise,true
CUST00807,Customer 807,customer807@example.com,Indonesia,2024-03-29,smb,false
CUST00808,Customer 808,customer808@example.com,Thailand,2023-08-05,consumer,true
CUST00809,Customer 809,customer809@example.com,Malaysia,2025-08-11,enterprise,false
CUST00810,Customer 810,customer810@example.com,India,2025-01-07,smb,true
CUST00811,Customer 811,customer811@example.com,Vietnam,2025-04-23,enterprise,true
CUST00812,Customer 812,customer812@example.com,Vietnam,2025-04-22,enterprise,true
CUST00813,Customer 813,customer813@example.com,Vietnam,2023-08-17,consumer,true
CUST00814,Customer 814,customer814@example.com,India,2023-11-28,smb,true
CUST00815,Customer 815,customer815@example.com,Thailand,2023-10-22,smb,false
CUST00816,Customer 816,customer816@example.com,Thailand,2025-09-08,smb,true
CUST00817,Customer 817,customer817@example.com,Singapore,2024-07-10,smb,false
CUST00818,Customer 818,customer818@example.com,India,2025-08-19,enterprise,false
CUST00819,Customer 819,customer819@example.com,Indonesia,2024-12-23,smb,true
CUST00820,Customer 820,customer820@example.com,Malaysia,2025-12-15,consumer,false
CUST00821,Customer 821,customer821@example.com,Singapore,2025-05-26,consumer,false
CUST00822,Customer 822,customer822@example.com,Vietnam,2024-08-01,enterprise,false
CUST00823,Customer 823,customer823@example.com,India,2024-10-25,consumer,true
CUST00824,Customer 824,customer824@example.com,Malaysia,2025-03-23,smb,true
CUST00825,Customer 825,customer825@example.com,Thailand,2024-07-27,consumer,false
CUST00826,Customer 826,customer826@example.com,Malaysia,2024-11-27,smb,false
CUST00827,Customer 827,customer827@example.com,Thailand,2023-12-16,consumer,true
CUST00828,Customer 828,customer828@example.com,India,2025-10-05,consumer,false
CUST00829,Customer 829,customer829@example.com,Singapore,2024-04-15,smb,true
CUST00830,Customer 830,customer830@example.com,Singapore,2025-09-01,enterprise,true
CUST00831,Customer 831,customer831@example.com,Singapore,2024-01-14,consumer,false
CUST00832,Customer 832,customer832@example.com,Vietnam,2025-01-11,consumer,false
CUST00833,Customer 833,customer833@example.com,Vietnam,2025-08-25,enterprise,true
CUST00834,Customer 834,customer834@example.com,Singapore,2023-11-04,smb,false
CUST00835,Customer 835,customer835@example.com,Malaysia,2025-03-29,smb,true
CUST00836,Customer 836,customer836@example.com,Australia,2024-08-11,enterprise,false
CUST00837,Customer 837,customer837@example.com,Australia,2025-11-06,enterprise,true
CUST00838,Customer 838,customer838@example.com,Indonesia,2024-12-21,smb,true
CUST00839,Customer 839,customer839@example.com,Malaysia,2024-05-24,consumer,true
CUST00840,Customer 840,customer840@example.com,Singapore,2025-11-17,consumer,true
CUST00841,Customer 841,customer841@example.com,Philippines,2024-09-05,smb,true
CUST00842,Customer 842,customer842@example.com,Singapore,2025-07-02,enterprise,false
CUST00843,Customer 843,customer843@example.com,Philippines,2025-05-17,consumer,false
CUST00844,Customer 844,customer844@example.com,Philippines,2023-12-26,smb,true
CUST00845,Customer 845,customer845@example.com,Philippines,2024-05-26,consumer,true
CUST00846,Customer 846,customer846@example.com,Thailand,2025-07-02,enterprise,true
CUST00847,Customer 847,customer847@example.com,Malaysia,2024-11-17,smb,false
CUST00848,Customer 848,customer848@example.com,Vietnam,2023-11-01,smb,true
CUST00849,Customer 849,customer849@example.com,Australia,2024-06-14,consumer,false
CUST00850,Customer 850,customer850@example.com,Vietnam,2025-06-10,enterprise,false
CUST00851,Customer 851,customer851@example.com,Thailand,2023-12-06,smb,false
CUST00852,Customer 852,customer852@example.com,Australia,2024-05-06,consumer,true
CUST00853,Customer 853,customer853@example.com,Singapore,2025-07-31,smb,true
CUST00854,Customer 854,customer854@example.com,Philippines,2025-05-08,enterprise,true
CUST00855,Customer 855,customer855@example.com,Singapore,2025-01-23,enterprise,false
CUST00856,Customer 856,customer856@example.com,Vietnam,2023-08-16,consumer,true
CUST00857,Customer 857,customer857@example.com,Thailand,2024-07-08,smb,false
CUST00858,Customer 858,customer858@example.com,Indonesia,2025-11-01,enterprise,false
CUST00859,Customer 859,customer859@example.com,Singapore,2025-09-28,consumer,false
CUST00860,Customer 860,customer860@example.com,Philippines,2024-01-15,smb,true
CUST00861,Customer 861,customer861@example.com,Malaysia,2024-05-17,enterprise,true
CUST00862,Customer 862,customer862@example.com,India,2024-03-20,consumer,true
CUST00863,Customer 863,customer863@example.com,Indonesia,2024-10-13,consumer,false
CUST00864,Customer 864,customer864@example.com,Philippines,2025-04-09,smb,false
CUST00865,Customer 865,customer865@example.com,Australia,2025-02-10,smb,true
CUST00866,Customer 866,customer866@example.com,Thailand,2025-10-17,consumer,true
CUST00867,Customer 867,customer867@example.com,Malaysia,2025-07-26,consumer,false
CUST00868,Customer 868,customer868@example.com,Philippines,2024-09-11,smb,true
CUST00869,Customer 869,customer869@example.com,Philippines,2024-07-02,consumer,false
CUST00870,Customer 870,customer870@example.com,Australia,2025-02-20,smb,true
CUST00871,Customer 871,customer871@example.com,Indonesia,2025-10-01,enterprise,false
CUST00872,Customer 872,customer872@example.com,Singapore,2023-09-08,consumer,false
CUST00873,Customer 873,customer873@example.com,Malaysia,2025-08-03,enterprise,true
CUST00874,Customer 874,customer874@example.com,India,2025-01-02,enterprise,true
CUST00875,Customer 875,customer875@example.com,Vietnam,2024-02-08,smb,true
CUST00876,Customer 876,customer876@example.com,India,2025-12-01,smb,true
CUST00877,Customer 877,customer877@example.com,Australia,2025-09-27,consumer,true
CUST00878,Customer 878,customer878@example.com,Singapore,2025-08-30,consumer,true
CUST00879,Customer 879,customer879@example.com,Thailand,2025-08-21,smb,false
CUST00880,Customer 880,customer880@example.com,Malaysia,2024-01-30,enterprise,false
CUST00881,Customer 881,customer881@example.com,Malaysia,2023-09-22,consumer,true
CUST00882,Customer 882,customer882@example.com,Australia,2025-06-13,consumer,true
CUST00883,Customer 883,customer883@example.com,Philippines,2023-08-18,consumer,true
CUST00884,Customer 884,customer884@example.com,Singapore,2024-09-16,consumer,false
CUST00885,Customer 885,customer885@example.com,India,2023-09-13,smb,true
CUST00886,Customer 886,customer886@example.com,India,2024-12-06,consumer,false
CUST00887,Customer 887,customer887@example.com,Indonesia,2025-05-27,smb,false
CUST00888,Customer 888,customer888@example.com,Indonesia,2024-10-02,consumer,true
CUST00889,Customer 889,customer889@example.com,Vietnam,2024-03-10,smb,false
CUST00890,Customer 890,customer890@example.com,Australia,2024-06-17,consumer,true
CUST00891,Customer 891,customer891@example.com,India,2025-03-21,consumer,false
CUST00892,Customer 892,customer892@example.com,Thailand,2025-06-11,enterprise,true
CUST00893,Customer 893,customer893@example.com,Philippines,2024-12-06,smb,false
CUST00894,Customer 894,customer894@example.com,Philippines,2025-01-14,smb,false
CUST00895,Customer 895,customer895@example.com,Singapore,2025-07-01,smb,true
CUST00896,Customer 896,customer896@example.com,Vietnam,2025-12-02,consumer,false
CUST00897,Customer 897,customer897@example.com,Philippines,2024-07-08,enterprise,true
CUST00898,Customer 898,customer898@example.com,Malaysia,2025-07-22,consumer,true
CUST00899,Customer 899,customer899@example.com,Singapore,2025-04-04,consumer,false
CUST00900,Customer 900,customer900@example.com,Indonesia,2025-01-03,consumer,true
CUST00901,Customer 901,customer901@example.com,Philippines,2024-05-05,enterprise,false
CUST00902,Customer 902,customer902@example.com,Singapore,2024-05-06,enterprise,false
CUST00903,Customer 903,customer903@example.com,Indonesia,2024-05-30,enterprise,true
CUST00904,Customer 904,customer904@example.com,Australia,2023-08-29,enterprise,false
CUST00905,Customer 905,customer905@example.com,Australia,2025-07-06,consumer,true
CUST00906,Customer 906,customer906@example.com,Thailand,2025-11-05,enterprise,true
CUST00907,Customer 907,customer907@example.com,Australia,2025-12-12,consumer,false
CUST00908,Customer 908,customer908@example.com,Thailand,2024-04-13,consumer,false
CUST00909,Customer 909,customer909@example.com,Indonesia,2023-12-29,smb,true
CUST00910,Customer 910,customer910@example.com,Indonesia,2025-12-10,enterprise,true
CUST00911,Customer 911,customer911@example.com,Malaysia,2023-11-01,enterprise,false
CUST00912,Customer 912,customer912@example.com,Philippines,2025-10-19,enterprise,false
CUST00913,Customer 913,customer913@example.com,Malaysia,2024-05-11,smb,false
CUST00914,Customer 914,customer914@example.com,Indonesia,2025-02-05,consumer,false
CUST00915,Customer 915,customer915@example.com,Australia,2023-10-14,enterprise,false
CUST00916,Customer 916,customer916@example.com,Philippines,2025-07-07,consumer,true
CUST00917,Customer 917,customer917@example.com,Vietnam,2024-12-10,enterprise,false
CUST00918,Customer 918,customer918@example.com,Indonesia,2025-08-24,enterprise,true
CUST00919,Customer 919,customer919@example.com,India,2024-01-14,enterprise,true
CUST00920,Customer 920,customer920@example.com,Philippines,2025-06-29,enterprise,true
CUST00921,Customer 921,customer921@example.com,Malaysia,2024-03-18,smb,true
CUST00922,Customer 922,customer922@example.com,Malaysia,2025-01-27,consumer,false
CUST00923,Customer 923,customer923@example.com,Indonesia,2025-02-08,enterprise,true
CUST00924,Customer 924,customer924@example.com,Philippines,2023-09-13,smb,true
CUST00925,Customer 925,customer925@example.com,Thailand,2025-04-05,consumer,true
CUST00926,Customer 926,customer926@example.com,Vietnam,2025-01-08,consumer,true
CUST00927,Customer 927,customer927@example.com,India,2025-11-13,smb,false
CUST00928,Customer 928,customer928@example.com,India,2025-07-15,smb,false
CUST00929,Customer 929,customer929@example.com,India,2025-01-07,consumer,false
CUST00930,Customer 930,customer930@example.com,Thailand,2023-10-17,consumer,false
CUST00931,Customer 931,customer931@example.com,Singapore,2025-10-18,smb,true
CUST00932,Customer 932,customer932@example.com,Vietnam,2025-02-09,consumer,true
CUST00933,Customer 933,customer933@example.com,Indonesia,2025-01-16,smb,true
CUST00934,Customer 934,customer934@example.com,Malaysia,2023-12-14,enterprise,true
CUST00935,Customer 935,customer935@example.com,Australia,2025-01-20,enterprise,true
CUST00936,Customer 936,customer936@example.com,Indonesia,2024-10-17,enterprise,false
CUST00937,Customer 937,customer937@example.com,Singapore,2025-07-25,consumer,false
CUST00938,Customer 938,customer938@example.com,Thailand,2025-06-05,smb,false
CUST00939,Customer 939,customer939@example.com,Vietnam,2024-02-25,smb,true
CUST00940,Customer 940,customer940@example.com,Singapore,2025-09-25,smb,false
CUST00941,Customer 941,customer941@example.com,Singapore,2025-07-28,smb,true
CUST00942,Customer 942,customer942@example.com,Malaysia,2024-10-21,smb,false
CUST00943,Customer 943,customer943@example.com,Malaysia,2025-06-11,consumer,true
CUST00944,Customer 944,customer944@example.com,Vietnam,2025-07-11,consumer,false
CUST00945,Customer 945,customer945@example.com,Malaysia,2023-08-21,smb,false
CUST00946,Customer 946,customer946@example.com,Australia,2024-09-06,enterprise,false
CUST00947,Customer 947,customer947@example.com,India,2025-09-30,consumer,false
CUST00948,Customer 948,customer948@example.com,Philippines,2024-12-07,consumer,false
CUST00949,Customer 949,customer949@example.com,Vietnam,2025-11-17,smb,false
CUST00950,Customer 950,customer950@example.com,Thailand,2025-04-07,smb,true
CUST00951,Customer 951,customer951@example.com,Malaysia,2025-07-31,consumer,false
CUST00952,Customer 952,customer952@example.com,India,2023-09-27,enterprise,true
CUST00953,Customer 953,customer953@example.com,Singapore,2024-06-14,smb,false
CUST00954,Customer 954,customer954@example.com,Australia,2024-07-02,enterprise,true
CUST00955,Customer 955,customer955@example.com,Vietnam,2024-09-01,consumer,false
CUST00956,Customer 956,customer956@example.com,Singapore,2023-08-11,enterprise,true
CUST00957,Customer 957,customer957@example.com,Australia,2025-08-31,consumer,true
CUST00958,Customer 958,customer958@example.com,Thailand,2025-05-30,consumer,true
CUST00959,Customer 959,customer959@example.com,Malaysia,2024-10-25,enterprise,false
CUST00960,Customer 960,customer960@example.com,Indonesia,2025-06-09,enterprise,false
CUST00961,Customer 961,customer961@example.com,Malaysia,2025-02-08,consumer,false
CUST00962,Customer 962,customer962@example.com,India,2024-06-11,enterprise,false
CUST00963,Customer 963,customer963@example.com,Vietnam,2023-08-08,enterprise,false
CUST00964,Customer 964,customer964@example.com,Singapore,2023-07-22,enterprise,false
CUST00965,Customer 965,customer965@example.com,India,2025-09-08,consumer,true
CUST00966,Customer 966,customer966@example.com,Malaysia,2024-05-31,consumer,true
CUST00967,Customer 967,customer967@example.com,Vietnam,2023-10-20,enterprise,false
CUST00968,Customer 968,customer968@example.com,India,2023-07-18,smb,false
CUST00969,Customer 969,customer969@example.com,Australia,2024-03-02,enterprise,false
CUST00970,Customer 970,customer970@example.com,Indonesia,2025-11-24,smb,false
CUST00971,Customer 971,customer971@example.com,India,2025-08-07,consumer,false
CUST00972,Customer 972,customer972@example.com,Philippines,2023-07-16,enterprise,true
CUST00973,Customer 973,customer973@example.com,Australia,2025-11-12,smb,false
CUST00974,Customer 974,customer974@example.com,Philippines,2025-12-12,smb,false
CUST00975,Customer 975,customer975@example.com,Australia,2025-03-20,enterprise,true
CUST00976,Customer 976,customer976@example.com,Thailand,2023-07-27,consumer,false
CUST00977,Customer 977,customer977@example.com,Australia,2023-12-02,smb,false
CUST00978,Customer 978,customer978@example.com,India,2023-12-17,enterprise,true
CUST00979,Customer 979,customer979@example.com,Australia,2025-06-23,consumer,false
CUST00980,Customer 980,customer980@example.com,Australia,2023-12-05,enterprise,false
CUST00981,Customer 981,customer981@example.com,Singapore,2023-09-14,enterprise,true
CUST00982,Customer 982,customer982@example.com,Vietnam,2025-10-26,enterprise,false
CUST00983,Customer 983,customer983@example.com,Singapore,2025-08-16,consumer,true
CUST00984,Customer 984,customer984@example.com,Thailand,2023-07-20,consumer,true
CUST00985,Customer 985,customer985@example.com,Australia,2025-11-29,consumer,false
CUST00986,Customer 986,customer986@example.com,Thailand,2024-01-11,smb,false
CUST00987,Customer 987,customer987@example.com,Australia,2023-09-11,enterprise,false
CUST00988,Customer 988,customer988@example.com,Malaysia,2024-03-22,enterprise,true
CUST00989,Customer 989,customer989@example.com,Philippines,2025-04-29,smb,false
CUST00990,Customer 990,customer990@example.com,Australia,2025-07-04,enterprise,false
CUST00991,Customer 991,customer991@example.com,Indonesia,2025-01-14,smb,true
CUST00992,Customer 992,customer992@example.com,Singapore,2025-03-16,smb,true
CUST00993,Customer 993,customer993@example.com,Thailand,2025-07-19,consumer,true
CUST00994,Customer 994,customer994@example.com,Thailand,2024-02-08,smb,false
CUST00995,Customer 995,customer995@example.com,Singapore,2024-07-25,enterprise,true
CUST00996,Customer 996,customer996@example.com,Indonesia,2024-09-03,enterprise,true
CUST00997,Customer 997,customer997@example.com,Singapore,2024-04-26,consumer,false
CUST00998,Customer 998,customer998@example.com,Vietnam,2024-04-19,enterprise,false
CUST00999,Customer 999,customer999@example.com,India,2024-10-25,smb,false
CUST01000,Customer 1000,customer1000@example.com,Thailand,2025-04-18,smb,false
