id,task,name,params,window,SR,bp_day,mdd2,t_vs_LIVE,years,groups,regime_up_dn,pass_vs_LIVE,note
T1-2023-1,T1-select,sf0.55_st0.4_N20_NS20_equal,"{""sf"": 0.55, ""st"": 0.4, ""N"": 20, ""NS"": 20, ""w"": ""equal""}",2020-03-15..2023-01-01,1.778,18.21,-28.58,1.04,2/3,4/5,-0.11/1.89,False,A-1D
T1-2023-2,T1-select,sf0.6_st0.4_N20_NS20_equal,"{""sf"": 0.6, ""st"": 0.4, ""N"": 20, ""NS"": 20, ""w"": ""equal""}",2020-03-15..2023-01-01,1.821,20.64,-28.43,0.84,2/3,3/5,-0.54/3.22,False,A-1D
T1-2023-3,T1-select,sf0.65_st0.4_N20_NS20_equal,"{""sf"": 0.65, ""st"": 0.4, ""N"": 20, ""NS"": 20, ""w"": ""equal""}",2020-03-15..2023-01-01,1.835,23.06,-28.0,0.69,2/3,3/5,-1.12/4.14,False,A-1D
T1-2023-4,T1-select,sf0.5_st0.15_N20_NS20_equal,"{""sf"": 0.5, ""st"": 0.15, ""N"": 20, ""NS"": 20, ""w"": ""equal""}",2020-03-15..2023-01-01,1.818,16.21,-30.58,0.86,2/3,4/5,1.66/0.75,False,A-1D
T1-2023-5,T1-select,sf0.5_st0.2_N20_NS20_equal,"{""sf"": 0.5, ""st"": 0.2, ""N"": 20, ""NS"": 20, ""w"": ""equal""}",2020-03-15..2023-01-01,2.015,18.04,-27.54,2.07,3/3,5/5,3.09/3.10,True,A-1D
T1-2023-6,T1-select,sf0.5_st0.25_N20_NS20_equal,"{""sf"": 0.5, ""st"": 0.25, ""N"": 20, ""NS"": 20, ""w"": ""equal""}",2020-03-15..2023-01-01,1.948,17.75,-28.15,1.94,2/3,3/5,3.72/1.08,False,A-1D
T1-2023-7,T1-select,sf0.5_st0.3_N20_NS20_equal,"{""sf"": 0.5, ""st"": 0.3, ""N"": 20, ""NS"": 20, ""w"": ""equal""}",2020-03-15..2023-01-01,1.768,16.45,-28.9,0.91,2/3,3/5,1.84/-0.44,False,A-1D
T1-2023-8,T1-select,sf0.5_st0.4_N12_NS20_equal,"{""sf"": 0.5, ""st"": 0.4, ""N"": 12, ""NS"": 20, ""w"": ""equal""}",2020-03-15..2023-01-01,1.707,15.79,-29.25,0.27,2/3,3/5,-1.25/1.73,False,A-1D
T1-2023-9,T1-select,sf0.5_st0.4_N8_NS20_equal,"{""sf"": 0.5, ""st"": 0.4, ""N"": 8, ""NS"": 20, ""w"": ""equal""}",2020-03-15..2023-01-01,1.916,17.62,-29.71,2.32,3/3,5/5,2.65/1.62,True,A-1D
T1-2023-10,T1-select,sf0.5_st0.4_N16_NS20_equal,"{""sf"": 0.5, ""st"": 0.4, ""N"": 16, ""NS"": 20, ""w"": ""equal""}",2020-03-15..2023-01-01,1.678,15.77,-31.32,-0.13,1/3,3/5,-0.82/0.68,False,A-1D
T1-2023-11,T1-select,sf0.5_st0.4_N12_NS15_equal,"{""sf"": 0.5, ""st"": 0.4, ""N"": 12, ""NS"": 15, ""w"": ""equal""}",2020-03-15..2023-01-01,1.753,15.49,-27.03,0.5,2/3,3/5,0.52/0.69,False,A-1D
T1-2023-12,T1-select,sf0.5_st0.2_N8_NS20_equal,"{""sf"": 0.5, ""st"": 0.2, ""N"": 8, ""NS"": 20, ""w"": ""equal""}",2020-03-15..2023-01-01,2.177,19.23,-28.8,2.89,3/3,5/5,4.59/4.68,True,A-combo
T1-2023-13,T1-select,sf0.5_st0.2_N8_NS20_invvol,"{""sf"": 0.5, ""st"": 0.2, ""N"": 8, ""NS"": 20, ""w"": ""invvol""}",2020-03-15..2023-01-01,2.354,18.37,-25.86,3.16,3/3,4/5,5.95/6.69,True,A-weight
T1-2023-14,T1-select,sf0.5_st0.2_N8_NS20_minvar_floor,"{""sf"": 0.5, ""st"": 0.2, ""N"": 8, ""NS"": 20, ""w"": ""minvar_floor""}",2020-03-15..2023-01-01,2.483,17.96,-26.82,2.9,3/3,4/5,7.27/7.82,True,A-weight
T1-2023-15,T1-select,sf0.5_st0.2_N12_NS20_equal,"{""sf"": 0.5, ""st"": 0.2, ""N"": 12, ""NS"": 20, ""w"": ""equal""}",2020-03-15..2023-01-01,1.988,17.62,-28.62,1.77,3/3,4/5,1.51/4.28,True,S-N
T1-2023-16,T1-select,sf0.5_st0.2_N16_NS20_equal,"{""sf"": 0.5, ""st"": 0.2, ""N"": 16, ""NS"": 20, ""w"": ""equal""}",2020-03-15..2023-01-01,1.974,17.85,-30.71,1.61,2/3,4/5,2.02/3.44,True,S-N
T1-2023-17,T1-select,sf0.5_st0.2_N12_NS15_equal,"{""sf"": 0.5, ""st"": 0.2, ""N"": 12, ""NS"": 15, ""w"": ""equal""}",2020-03-15..2023-01-01,2.008,17.1,-26.26,1.65,2/3,4/5,3.70/2.29,True,S-N
T1-2024-18,T1-select,sf0.55_st0.4_N20_NS20_equal,"{""sf"": 0.55, ""st"": 0.4, ""N"": 20, ""NS"": 20, ""w"": ""equal""}",2020-03-15..2024-01-01,1.882,17.47,-31.52,1.66,3/4,2/5,0.43/1.94,False,A-1D
T1-2024-19,T1-select,sf0.6_st0.4_N20_NS20_equal,"{""sf"": 0.6, ""st"": 0.4, ""N"": 20, ""NS"": 20, ""w"": ""equal""}",2020-03-15..2024-01-01,1.953,20.11,-31.29,1.43,3/4,2/5,0.46/3.30,False,A-1D
T1-2024-20,T1-select,sf0.65_st0.4_N20_NS20_equal,"{""sf"": 0.65, ""st"": 0.4, ""N"": 20, ""NS"": 20, ""w"": ""equal""}",2020-03-15..2024-01-01,1.988,22.75,-30.74,1.23,3/4,2/5,0.26/4.24,False,A-1D
T1-2024-21,T1-select,sf0.5_st0.15_N20_NS20_equal,"{""sf"": 0.5, ""st"": 0.15, ""N"": 20, ""NS"": 20, ""w"": ""equal""}",2020-03-15..2024-01-01,1.834,14.85,-33.68,0.63,2/4,3/5,0.90/0.43,False,A-1D
T1-2024-22,T1-select,sf0.5_st0.2_N20_NS20_equal,"{""sf"": 0.5, ""st"": 0.2, ""N"": 20, ""NS"": 20, ""w"": ""equal""}",2020-03-15..2024-01-01,2.017,16.4,-30.32,1.99,4/4,5/5,2.28/2.21,True,A-1D
T1-2024-23,T1-select,sf0.5_st0.25_N20_NS20_equal,"{""sf"": 0.5, ""st"": 0.25, ""N"": 20, ""NS"": 20, ""w"": ""equal""}",2020-03-15..2024-01-01,1.956,16.17,-31.03,1.82,2/4,3/5,2.42/0.85,False,A-1D
T1-2024-24,T1-select,sf0.5_st0.3_N20_NS20_equal,"{""sf"": 0.5, ""st"": 0.3, ""N"": 20, ""NS"": 20, ""w"": ""equal""}",2020-03-15..2024-01-01,1.804,15.2,-31.91,0.68,2/4,3/5,0.97/-0.26,False,A-1D
T1-2024-25,T1-select,sf0.5_st0.4_N12_NS20_equal,"{""sf"": 0.5, ""st"": 0.4, ""N"": 12, ""NS"": 20, ""w"": ""equal""}",2020-03-15..2024-01-01,1.762,14.82,-32.17,0.12,3/4,3/5,-0.40/0.67,False,A-1D
T1-2024-26,T1-select,sf0.5_st0.4_N8_NS20_equal,"{""sf"": 0.5, ""st"": 0.4, ""N"": 8, ""NS"": 20, ""w"": ""equal""}",2020-03-15..2024-01-01,1.987,16.69,-32.51,2.41,4/4,5/5,3.01/0.70,True,A-1D
T1-2024-27,T1-select,sf0.5_st0.4_N16_NS20_equal,"{""sf"": 0.5, ""st"": 0.4, ""N"": 16, ""NS"": 20, ""w"": ""equal""}",2020-03-15..2024-01-01,1.719,14.58,-34.68,-0.45,1/4,3/5,-0.45/-0.10,False,A-1D
T1-2024-28,T1-select,sf0.5_st0.4_N12_NS15_equal,"{""sf"": 0.5, ""st"": 0.4, ""N"": 12, ""NS"": 15, ""w"": ""equal""}",2020-03-15..2024-01-01,1.845,15.1,-29.19,0.77,3/4,4/5,1.42/-0.04,False,A-1D
T1-2024-29,T1-select,sf0.5_st0.2_N8_NS20_equal,"{""sf"": 0.5, ""st"": 0.2, ""N"": 8, ""NS"": 20, ""w"": ""equal""}",2020-03-15..2024-01-01,2.201,17.84,-31.38,2.95,4/4,5/5,4.59/2.86,True,A-combo
T1-2024-30,T1-select,sf0.5_st0.2_N8_NS20_invvol,"{""sf"": 0.5, ""st"": 0.2, ""N"": 8, ""NS"": 20, ""w"": ""invvol""}",2020-03-15..2024-01-01,2.321,16.7,-28.06,3.01,4/4,4/5,5.27/4.32,True,A-weight
T1-2024-31,T1-select,sf0.5_st0.2_N8_NS20_minvar_floor,"{""sf"": 0.5, ""st"": 0.2, ""N"": 8, ""NS"": 20, ""w"": ""minvar_floor""}",2020-03-15..2024-01-01,2.412,16.13,-29.01,2.7,4/4,4/5,6.27/4.80,True,A-weight
T1-2024-32,T1-select,sf0.5_st0.2_N12_NS20_equal,"{""sf"": 0.5, ""st"": 0.2, ""N"": 12, ""NS"": 20, ""w"": ""equal""}",2020-03-15..2024-01-01,1.985,16.07,-31.35,1.58,4/4,4/5,1.65/2.39,True,S-N
T1-2024-33,T1-select,sf0.5_st0.2_N16_NS20_equal,"{""sf"": 0.5, ""st"": 0.2, ""N"": 16, ""NS"": 20, ""w"": ""equal""}",2020-03-15..2024-01-01,1.958,16.04,-33.91,1.33,2/4,3/5,1.63/1.89,False,S-N
T1-2024-34,T1-select,sf0.5_st0.2_N12_NS15_equal,"{""sf"": 0.5, ""st"": 0.2, ""N"": 12, ""NS"": 15, ""w"": ""equal""}",2020-03-15..2024-01-01,1.984,15.69,-28.27,1.39,3/4,4/5,2.80/0.90,False,S-N
T1-2025-35,T1-select,sf0.55_st0.4_N20_NS20_equal,"{""sf"": 0.55, ""st"": 0.4, ""N"": 20, ""NS"": 20, ""w"": ""equal""}",2020-03-15..2025-01-01,2.05,18.37,-32.65,2.16,4/5,2/5,0.95/1.66,False,A-1D
T1-2025-36,T1-select,sf0.6_st0.4_N20_NS20_equal,"{""sf"": 0.6, ""st"": 0.4, ""N"": 20, ""NS"": 20, ""w"": ""equal""}",2020-03-15..2025-01-01,2.136,21.32,-32.28,1.86,4/5,2/5,1.32/2.82,False,A-1D
T1-2025-37,T1-select,sf0.65_st0.4_N20_NS20_equal,"{""sf"": 0.65, ""st"": 0.4, ""N"": 20, ""NS"": 20, ""w"": ""equal""}",2020-03-15..2025-01-01,2.179,24.26,-31.59,1.62,4/5,1/5,1.36/3.62,False,A-1D
T1-2025-38,T1-select,sf0.5_st0.15_N20_NS20_equal,"{""sf"": 0.5, ""st"": 0.15, ""N"": 20, ""NS"": 20, ""w"": ""equal""}",2020-03-15..2025-01-01,1.922,15.0,-34.93,0.23,2/5,2/5,0.36/0.00,False,A-1D
T1-2025-39,T1-select,sf0.5_st0.2_N20_NS20_equal,"{""sf"": 0.5, ""st"": 0.2, ""N"": 20, ""NS"": 20, ""w"": ""equal""}",2020-03-15..2025-01-01,2.097,16.46,-31.41,1.78,4/5,5/5,1.43/1.93,True,A-1D
T1-2025-40,T1-select,sf0.5_st0.25_N20_NS20_equal,"{""sf"": 0.5, ""st"": 0.25, ""N"": 20, ""NS"": 20, ""w"": ""equal""}",2020-03-15..2025-01-01,2.052,16.34,-32.2,1.63,2/5,3/5,1.67/0.72,False,A-1D
T1-2025-41,T1-select,sf0.5_st0.3_N20_NS20_equal,"{""sf"": 0.5, ""st"": 0.3, ""N"": 20, ""NS"": 20, ""w"": ""equal""}",2020-03-15..2025-01-01,1.913,15.48,-33.24,0.25,2/5,4/5,0.32/-0.12,False,A-1D
T1-2025-42,T1-select,sf0.5_st0.4_N12_NS20_equal,"{""sf"": 0.5, ""st"": 0.4, ""N"": 12, ""NS"": 20, ""w"": ""equal""}",2020-03-15..2025-01-01,1.991,16.28,-33.09,1.37,2/5,4/5,0.54/1.08,False,A-1D
T1-2025-43,T1-select,sf0.5_st0.4_N8_NS20_equal,"{""sf"": 0.5, ""st"": 0.4, ""N"": 8, ""NS"": 20, ""w"": ""equal""}",2020-03-15..2025-01-01,2.226,18.31,-33.21,3.36,4/5,5/5,3.87/1.09,True,A-1D
T1-2025-44,T1-select,sf0.5_st0.4_N16_NS20_equal,"{""sf"": 0.5, ""st"": 0.4, ""N"": 16, ""NS"": 20, ""w"": ""equal""}",2020-03-15..2025-01-01,1.902,15.57,-35.92,0.07,2/5,3/5,0.03/0.05,False,A-1D
T1-2025-45,T1-select,sf0.5_st0.4_N12_NS15_equal,"{""sf"": 0.5, ""st"": 0.4, ""N"": 12, ""NS"": 15, ""w"": ""equal""}",2020-03-15..2025-01-01,2.057,16.84,-29.16,1.34,3/5,4/5,1.71/0.76,False,A-1D
T1-2025-46,T1-select,sf0.5_st0.2_N8_NS20_equal,"{""sf"": 0.5, ""st"": 0.2, ""N"": 8, ""NS"": 20, ""w"": ""equal""}",2020-03-15..2025-01-01,2.388,19.03,-31.93,3.58,5/5,5/5,4.79/2.98,True,A-combo
T1-2025-47,T1-select,sf0.5_st0.2_N8_NS20_invvol,"{""sf"": 0.5, ""st"": 0.2, ""N"": 8, ""NS"": 20, ""w"": ""invvol""}",2020-03-15..2025-01-01,2.507,18.0,-28.11,3.64,5/5,4/5,5.89/3.78,True,A-weight
T1-2025-48,T1-select,sf0.5_st0.2_N8_NS20_minvar_floor,"{""sf"": 0.5, ""st"": 0.2, ""N"": 8, ""NS"": 20, ""w"": ""minvar_floor""}",2020-03-15..2025-01-01,2.626,17.56,-29.02,3.43,5/5,4/5,7.21/4.28,True,A-weight
T1-2025-49,T1-select,sf0.5_st0.2_N12_NS20_equal,"{""sf"": 0.5, ""st"": 0.2, ""N"": 12, ""NS"": 20, ""w"": ""equal""}",2020-03-15..2025-01-01,2.16,17.07,-32.11,2.07,3/5,4/5,1.82/2.62,False,S-N
T1-2025-50,T1-select,sf0.5_st0.2_N16_NS20_equal,"{""sf"": 0.5, ""st"": 0.2, ""N"": 16, ""NS"": 20, ""w"": ""equal""}",2020-03-15..2025-01-01,2.083,16.53,-35.01,1.41,3/5,3/5,1.31/1.81,False,S-N
T1-2025-51,T1-select,sf0.5_st0.2_N12_NS15_equal,"{""sf"": 0.5, ""st"": 0.2, ""N"": 12, ""NS"": 15, ""w"": ""equal""}",2020-03-15..2025-01-01,2.216,17.57,-28.19,2.06,3/5,4/5,3.27/1.70,False,S-N
T1-2026-52,T1-select,sf0.55_st0.4_N20_NS20_equal,"{""sf"": 0.55, ""st"": 0.4, ""N"": 20, ""NS"": 20, ""w"": ""equal""}",2020-03-15..2026-01-01,2.35,21.42,-32.11,2.59,5/6,4/5,1.23/1.45,True,A-1D
T1-2026-53,T1-select,sf0.6_st0.4_N20_NS20_equal,"{""sf"": 0.6, ""st"": 0.4, ""N"": 20, ""NS"": 20, ""w"": ""equal""}",2020-03-15..2026-01-01,2.439,24.8,-31.69,2.23,5/6,3/5,1.81/2.38,False,A-1D
T1-2026-54,T1-select,sf0.65_st0.4_N20_NS20_equal,"{""sf"": 0.65, ""st"": 0.4, ""N"": 20, ""NS"": 20, ""w"": ""equal""}",2020-03-15..2026-01-01,2.483,28.17,-31.01,1.94,5/6,3/5,2.00/2.97,False,A-1D
T1-2026-55,T1-select,sf0.5_st0.15_N20_NS20_equal,"{""sf"": 0.5, ""st"": 0.15, ""N"": 20, ""NS"": 20, ""w"": ""equal""}",2020-03-15..2026-01-01,2.211,17.49,-34.45,0.21,3/6,3/5,0.27/0.04,False,A-1D
T1-2026-56,T1-select,sf0.5_st0.2_N20_NS20_equal,"{""sf"": 0.5, ""st"": 0.2, ""N"": 20, ""NS"": 20, ""w"": ""equal""}",2020-03-15..2026-01-01,2.346,18.7,-30.93,1.62,4/6,5/5,1.11/1.51,False,A-1D
T1-2026-57,T1-select,sf0.5_st0.25_N20_NS20_equal,"{""sf"": 0.5, ""st"": 0.25, ""N"": 20, ""NS"": 20, ""w"": ""equal""}",2020-03-15..2026-01-01,2.298,18.57,-31.75,1.32,2/6,3/5,1.36/0.32,False,A-1D
T1-2026-58,T1-select,sf0.5_st0.3_N20_NS20_equal,"{""sf"": 0.5, ""st"": 0.3, ""N"": 20, ""NS"": 20, ""w"": ""equal""}",2020-03-15..2026-01-01,2.201,18.02,-32.84,0.19,2/6,2/5,0.53/-0.46,False,A-1D
T1-2026-59,T1-select,sf0.5_st0.4_N12_NS20_equal,"{""sf"": 0.5, ""st"": 0.4, ""N"": 12, ""NS"": 20, ""w"": ""equal""}",2020-03-15..2026-01-01,2.305,19.2,-32.48,1.82,3/6,4/5,0.76/1.20,False,A-1D
T1-2026-60,T1-select,sf0.5_st0.4_N8_NS20_equal,"{""sf"": 0.5, ""st"": 0.4, ""N"": 8, ""NS"": 20, ""w"": ""equal""}",2020-03-15..2026-01-01,2.482,20.86,-32.51,3.1,5/6,5/5,3.52/1.03,True,A-1D
T1-2026-61,T1-select,sf0.5_st0.4_N16_NS20_equal,"{""sf"": 0.5, ""st"": 0.4, ""N"": 16, ""NS"": 20, ""w"": ""equal""}",2020-03-15..2026-01-01,2.209,18.34,-35.44,0.32,3/6,2/5,0.30/-0.01,False,A-1D
T1-2026-62,T1-select,sf0.5_st0.4_N12_NS15_equal,"{""sf"": 0.5, ""st"": 0.4, ""N"": 12, ""NS"": 15, ""w"": ""equal""}",2020-03-15..2026-01-01,2.402,20.74,-27.65,1.71,4/6,3/5,2.39/0.96,False,A-1D
T1-2026-63,T1-select,sf0.55_st0.4_N8_NS20_equal,"{""sf"": 0.55, ""st"": 0.4, ""N"": 8, ""NS"": 20, ""w"": ""equal""}",2020-03-15..2026-01-01,2.583,24.0,-32.25,3.61,6/6,5/5,4.08/2.22,True,A-combo
T1-2026-64,T1-select,sf0.55_st0.4_N8_NS20_invvol,"{""sf"": 0.55, ""st"": 0.4, ""N"": 8, ""NS"": 20, ""w"": ""invvol""}",2020-03-15..2026-01-01,2.647,22.28,-29.16,3.22,6/6,4/5,4.44/2.97,True,A-weight
T1-2026-65,T1-select,sf0.55_st0.4_N8_NS20_minvar_floor,"{""sf"": 0.55, ""st"": 0.4, ""N"": 8, ""NS"": 20, ""w"": ""minvar_floor""}",2020-03-15..2026-01-01,2.782,21.92,-26.69,3.28,6/6,4/5,5.43/4.25,True,A-weight
T1-2026-66,T1-select,sf0.55_st0.15_N20_NS20_equal,"{""sf"": 0.55, ""st"": 0.15, ""N"": 20, ""NS"": 20, ""w"": ""equal""}",2020-03-15..2026-01-01,2.378,20.83,-34.6,1.63,5/6,3/5,1.56/1.55,False,S-st
T1-2026-67,T1-select,sf0.55_st0.2_N20_NS20_equal,"{""sf"": 0.55, ""st"": 0.2, ""N"": 20, ""NS"": 20, ""w"": ""equal""}",2020-03-15..2026-01-01,2.509,22.16,-31.08,2.82,6/6,5/5,2.37/2.99,True,S-st
T1-2026-68,T1-select,sf0.55_st0.25_N20_NS20_equal,"{""sf"": 0.55, ""st"": 0.25, ""N"": 20, ""NS"": 20, ""w"": ""equal""}",2020-03-15..2026-01-01,2.461,22.01,-31.91,2.71,5/6,4/5,2.61/1.80,True,S-st
T1-2026-69,T1-select,sf0.55_st0.3_N20_NS20_equal,"{""sf"": 0.55, ""st"": 0.3, ""N"": 20, ""NS"": 20, ""w"": ""equal""}",2020-03-15..2026-01-01,2.362,21.41,-32.18,2.09,6/6,3/5,1.76/1.00,False,S-st
T1-2026-70,T1-select,sf0.55_st0.2_N12_NS20_equal,"{""sf"": 0.55, ""st"": 0.2, ""N"": 12, ""NS"": 20, ""w"": ""equal""}",2020-03-15..2026-01-01,2.566,22.93,-30.3,2.93,6/6,4/5,2.75/3.58,True,S-N
T1-2026-71,T1-select,sf0.55_st0.2_N8_NS20_equal,"{""sf"": 0.55, ""st"": 0.2, ""N"": 8, ""NS"": 20, ""w"": ""equal""}",2020-03-15..2026-01-01,2.708,24.43,-31.21,3.77,6/6,5/5,4.76/3.71,True,S-N
T1-2026-72,T1-select,sf0.55_st0.2_N16_NS20_equal,"{""sf"": 0.55, ""st"": 0.2, ""N"": 16, ""NS"": 20, ""w"": ""equal""}",2020-03-15..2026-01-01,2.497,22.31,-34.24,2.42,5/6,4/5,2.41/2.71,True,S-N
T1-2026-73,T1-select,sf0.55_st0.2_N12_NS15_equal,"{""sf"": 0.55, ""st"": 0.2, ""N"": 12, ""NS"": 15, ""w"": ""equal""}",2020-03-15..2026-01-01,2.596,23.99,-26.65,2.6,5/6,4/5,4.13/2.41,True,S-N
T1-2026-74,T1-select,sf0.55_st0.2_N8_NS20_invvol,"{""sf"": 0.55, ""st"": 0.2, ""N"": 8, ""NS"": 20, ""w"": ""invvol""}",2020-03-15..2026-01-01,2.785,22.74,-27.61,3.54,6/6,5/5,5.33/4.42,True,S-w
T1-2026-75,T1-select,sf0.55_st0.2_N8_NS20_minvar_floor,"{""sf"": 0.55, ""st"": 0.2, ""N"": 8, ""NS"": 20, ""w"": ""minvar_floor""}",2020-03-15..2026-01-01,2.949,22.36,-25.51,3.79,6/6,4/5,6.60/5.91,True,S-w
T1-test-2023-A,T1-test,sf0.5_st0.2_N8_NS20_minvar_floor,"{""sf"": 0.5, ""st"": 0.2, ""N"": 8, ""NS"": 20, ""w"": ""minvar_floor""}",2023,2.269,11.0,-27.12,-0.45,-,-,-,-,pipeline A pick; LIVE SR 2.32 bp 12.14; t_riskmatched 0.61
T1-test-2023-S,T1-test,sf0.5_st0.2_N8_NS20_minvar_floor,"{""sf"": 0.5, ""st"": 0.2, ""N"": 8, ""NS"": 20, ""w"": ""minvar_floor""}",2023,2.269,11.0,-27.12,-0.45,-,-,-,-,pipeline S pick; LIVE SR 2.32 bp 12.14; t_riskmatched 0.61
T1-test-2024-A,T1-test,sf0.5_st0.2_N8_NS20_minvar_floor,"{""sf"": 0.5, ""st"": 0.2, ""N"": 8, ""NS"": 20, ""w"": ""minvar_floor""}",2024,3.441,22.96,-20.59,2.08,-,-,-,-,pipeline A pick; LIVE SR 2.61 bp 17.67; t_riskmatched 3.51
T1-test-2024-S,T1-test,sf0.5_st0.2_N8_NS20_minvar_floor,"{""sf"": 0.5, ""st"": 0.2, ""N"": 8, ""NS"": 20, ""w"": ""minvar_floor""}",2024,3.441,22.96,-20.59,2.08,-,-,-,-,pipeline S pick; LIVE SR 2.61 bp 17.67; t_riskmatched 3.51
T1-test-2025-A,T1-test,sf0.5_st0.2_N8_NS20_minvar_floor,"{""sf"": 0.5, ""st"": 0.2, ""N"": 8, ""NS"": 20, ""w"": ""minvar_floor""}",2025,3.728,28.03,-23.05,-0.63,-,-,-,-,pipeline A pick; LIVE SR 3.51 bp 30.58; t_riskmatched 0.80
T1-test-2025-S,T1-test,sf0.5_st0.2_N8_NS20_minvar_floor,"{""sf"": 0.5, ""st"": 0.2, ""N"": 8, ""NS"": 20, ""w"": ""minvar_floor""}",2025,3.728,28.03,-23.05,-0.63,-,-,-,-,pipeline S pick; LIVE SR 3.51 bp 30.58; t_riskmatched 0.80
T2-flat5.5-LIVE,T2-costs,LIVE,"{""k"": null, ""X"": 0, ""f2"": false}",2020-03-15..2026-01-01,2.19,18.02,-31.96,,-/6,-,-,-,eff_cost 5.50bp; coin groups are gross-of-cost
T2-flat5.5-B,T2-costs,B,"{""k"": null, ""X"": 0, ""f2"": false}",2020-03-15..2026-01-01,2.566,22.93,-30.3,2.93,6/6,4/5,-,-,eff_cost 5.50bp; coin groups are gross-of-cost
T2-flat5.5-B-MV,T2-costs,B-MV,"{""k"": null, ""X"": 0, ""f2"": false}",2020-03-15..2026-01-01,2.773,20.82,-25.06,3.09,6/6,4/5,-,-,eff_cost 5.50bp; coin groups are gross-of-cost
T2-pc_k-LIVE,T2-costs,LIVE,"{""k"": 31.991661719181202, ""X"": 0, ""f2"": false}",2020-03-15..2026-01-01,2.21,18.19,-31.75,,-/6,-,-,-,eff_cost 5.00bp; coin groups are gross-of-cost
T2-pc_k-B,T2-costs,B,"{""k"": 31.991661719181202, ""X"": 0, ""f2"": false}",2020-03-15..2026-01-01,2.597,23.2,-30.23,3.02,6/6,4/5,-,-,eff_cost 4.85bp; coin groups are gross-of-cost
T2-pc_k-B-MV,T2-costs,B-MV,"{""k"": 31.991661719181202, ""X"": 0, ""f2"": false}",2020-03-15..2026-01-01,2.797,21.0,-24.84,3.12,6/6,4/5,-,-,eff_cost 5.13bp; coin groups are gross-of-cost
T2-pc_2k-LIVE,T2-costs,LIVE,"{""k"": 63.983323438362405, ""X"": 0, ""f2"": false}",2020-03-15..2026-01-01,2.132,17.55,-31.95,,-/6,-,-,-,eff_cost 6.99bp; coin groups are gross-of-cost
T2-pc_2k-B,T2-costs,B,"{""k"": 63.983323438362405, ""X"": 0, ""f2"": false}",2020-03-15..2026-01-01,2.511,22.44,-30.5,2.96,6/6,4/5,-,-,eff_cost 6.70bp; coin groups are gross-of-cost
T2-pc_2k-B-MV,T2-costs,B-MV,"{""k"": 63.983323438362405, ""X"": 0, ""f2"": false}",2020-03-15..2026-01-01,2.664,20.0,-25.14,2.83,6/6,4/5,-,-,eff_cost 7.25bp; coin groups are gross-of-cost
T2-flat5.5+slip0.5%-LIVE,T2-costs,LIVE,"{""k"": null, ""X"": 0.005, ""f2"": false}",2020-03-15..2026-01-01,2.136,17.6,-32.48,,-/6,-,-,-,eff_cost 5.50bp; coin groups are gross-of-cost
T2-flat5.5+slip0.5%-B,T2-costs,B,"{""k"": null, ""X"": 0.005, ""f2"": false}",2020-03-15..2026-01-01,2.429,21.78,-30.85,2.27,6/6,4/5,-,-,eff_cost 5.50bp; coin groups are gross-of-cost
T2-flat5.5+slip0.5%-B-MV,T2-costs,B-MV,"{""k"": null, ""X"": 0.005, ""f2"": false}",2020-03-15..2026-01-01,2.634,19.84,-26.05,2.63,5/6,4/5,-,-,eff_cost 5.50bp; coin groups are gross-of-cost
T2-flat5.5+slip1%-LIVE,T2-costs,LIVE,"{""k"": null, ""X"": 0.01, ""f2"": false}",2020-03-15..2026-01-01,2.082,17.18,-32.99,,-/6,-,-,-,eff_cost 5.50bp; coin groups are gross-of-cost
T2-flat5.5+slip1%-B,T2-costs,B,"{""k"": null, ""X"": 0.01, ""f2"": false}",2020-03-15..2026-01-01,2.293,20.64,-31.92,1.62,5/6,4/5,-,-,eff_cost 5.50bp; coin groups are gross-of-cost
T2-flat5.5+slip1%-B-MV,T2-costs,B-MV,"{""k"": null, ""X"": 0.01, ""f2"": false}",2020-03-15..2026-01-01,2.495,18.86,-27.03,2.17,5/6,4/5,-,-,eff_cost 5.50bp; coin groups are gross-of-cost
T2-flat5.5+slip2%-LIVE,T2-costs,LIVE,"{""k"": null, ""X"": 0.02, ""f2"": false}",2020-03-15..2026-01-01,1.973,16.35,-34.11,,-/6,-,-,-,eff_cost 5.50bp; coin groups are gross-of-cost
T2-flat5.5+slip2%-B,T2-costs,B,"{""k"": null, ""X"": 0.02, ""f2"": false}",2020-03-15..2026-01-01,2.023,18.35,-34.25,0.37,3/6,4/5,-,-,eff_cost 5.50bp; coin groups are gross-of-cost
T2-flat5.5+slip2%-B-MV,T2-costs,B-MV,"{""k"": null, ""X"": 0.02, ""f2"": false}",2020-03-15..2026-01-01,2.22,16.9,-28.99,1.27,5/6,4/5,-,-,eff_cost 5.50bp; coin groups are gross-of-cost
T2-pc_k+slip1%-LIVE,T2-costs,LIVE,"{""k"": 31.991661719181202, ""X"": 0.01, ""f2"": false}",2020-03-15..2026-01-01,2.101,17.35,-32.78,,-/6,-,-,-,eff_cost 5.00bp; coin groups are gross-of-cost
T2-pc_k+slip1%-B,T2-costs,B,"{""k"": 31.991661719181202, ""X"": 0.01, ""f2"": false}",2020-03-15..2026-01-01,2.323,20.9,-31.65,1.7,5/6,4/5,-,-,eff_cost 4.85bp; coin groups are gross-of-cost
T2-pc_k+slip1%-B-MV,T2-costs,B-MV,"{""k"": 31.991661719181202, ""X"": 0.01, ""f2"": false}",2020-03-15..2026-01-01,2.519,19.04,-26.82,2.19,5/6,4/5,-,-,eff_cost 5.13bp; coin groups are gross-of-cost
T2-pc_2k+slip2%-LIVE,T2-costs,LIVE,"{""k"": 63.983323438362405, ""X"": 0.02, ""f2"": false}",2020-03-15..2026-01-01,1.916,15.87,-34.1,,-/6,-,-,-,eff_cost 6.99bp; coin groups are gross-of-cost
T2-pc_2k+slip2%-B,T2-costs,B,"{""k"": 63.983323438362405, ""X"": 0.02, ""f2"": false}",2020-03-15..2026-01-01,1.969,17.85,-34.04,0.4,2/6,4/5,-,-,eff_cost 6.70bp; coin groups are gross-of-cost
T2-pc_2k+slip2%-B-MV,T2-costs,B-MV,"{""k"": 63.983323438362405, ""X"": 0.02, ""f2"": false}",2020-03-15..2026-01-01,2.112,16.08,-29.09,1.01,4/6,4/5,-,-,eff_cost 7.25bp; coin groups are gross-of-cost
T2-flat5.5+fund_sameday-LIVE,T2-costs,LIVE,"{""k"": null, ""X"": 0, ""f2"": true}",2020-03-15..2026-01-01,2.126,17.49,-31.79,,-/6,-,-,-,eff_cost 5.50bp; coin groups are gross-of-cost
T2-flat5.5+fund_sameday-B,T2-costs,B,"{""k"": null, ""X"": 0, ""f2"": true}",2020-03-15..2026-01-01,2.504,22.38,-30.61,2.95,6/6,4/5,-,-,eff_cost 5.50bp; coin groups are gross-of-cost
T2-flat5.5+fund_sameday-B-MV,T2-costs,B-MV,"{""k"": null, ""X"": 0, ""f2"": true}",2020-03-15..2026-01-01,2.714,20.38,-25.14,3.13,6/6,4/5,-,-,eff_cost 5.50bp; coin groups are gross-of-cost
T2-pc_2k+slip2%+fund_sameday-LIVE,T2-costs,LIVE,"{""k"": 63.983323438362405, ""X"": 0.02, ""f2"": true}",2020-03-15..2026-01-01,1.852,15.34,-33.95,,-/6,-,-,-,eff_cost 6.99bp; coin groups are gross-of-cost
T2-pc_2k+slip2%+fund_sameday-B,T2-costs,B,"{""k"": 63.983323438362405, ""X"": 0.02, ""f2"": true}",2020-03-15..2026-01-01,1.908,17.3,-34.33,0.42,3/6,4/5,-,-,eff_cost 6.70bp; coin groups are gross-of-cost
T2-pc_2k+slip2%+fund_sameday-B-MV,T2-costs,B-MV,"{""k"": 63.983323438362405, ""X"": 0.02, ""f2"": true}",2020-03-15..2026-01-01,2.054,15.64,-29.26,1.05,4/6,4/5,-,-,eff_cost 7.25bp; coin groups are gross-of-cost
