signal,h,metric,mean,t_nw,n,n_eff
B_EW,1,pearson,0.01920001498061695,4.887618748074535,4512,36096.0
B_EW,1,spearman,0.02695064335285673,6.485762897305814,4512,36096.0
B_EW,1,pearson_betaadj,0.01916046728027601,5.810116513071111,4512,36096.0
B_EW,1,spearman_betaadj,0.030964228781048982,9.574170485839739,4512,36096.0
B_EW,1,slope_bp_per_sd,1.5273406298489445,3.9212996003263054,4512,36096.0
B_EW,4,pearson,0.020193935360454825,5.0044012063104395,4512,9024.0
B_EW,4,spearman,0.03426862850183618,8.188591892821256,4512,9024.0
B_EW,4,pearson_betaadj,0.01864913338927941,5.349940551695379,4512,9024.0
B_EW,4,spearman_betaadj,0.03877685503302176,11.330337712029962,4512,9024.0
B_EW,4,slope_bp_per_sd,2.5272453866382993,3.1904073308728584,4512,9024.0
B_EW,12,pearson,0.025837061064768994,5.3293630833971575,4511,3007.3333333333335
B_EW,12,spearman,0.049796710925142255,9.996079662748777,4511,3007.3333333333335
B_EW,12,pearson_betaadj,0.0223924976672497,5.158995713871367,4511,3007.3333333333335
B_EW,12,spearman_betaadj,0.053052817095390635,12.313711084298948,4511,3007.3333333333335
B_EW,12,slope_bp_per_sd,5.340804429984622,3.090703551424547,4511,3007.3333333333335
B_EW,24,pearson,0.02915687979446455,4.548002057176811,4509,1503.0
B_EW,24,spearman,0.06143010641368119,9.38456226086208,4509,1503.0
B_EW,24,pearson_betaadj,0.021132820604169683,3.673502987670527,4509,1503.0
B_EW,24,spearman_betaadj,0.05966104855768349,10.455675323537788,4509,1503.0
B_EW,24,slope_bp_per_sd,7.688722405678311,2.3783332411190456,4509,1503.0
B_EW,48,pearson,0.03617334534025658,4.035058903800584,1502,751.0
B_EW,48,spearman,0.06719656772027845,7.308259196168742,1502,751.0
B_EW,48,pearson_betaadj,0.026465682604844602,3.218601246257217,1502,751.0
B_EW,48,spearman_betaadj,0.06594130404006586,8.074470281232351,1502,751.0
B_EW,48,slope_bp_per_sd,12.73908323036527,2.012102784763595,1502,751.0
B_EW,72,pearson,0.041115481474735725,3.8046799597276664,1501,500.3333333333333
B_EW,72,spearman,0.0762839137568284,7.0124367101480045,1501,500.3333333333333
B_EW,72,pearson_betaadj,0.028892708214568925,2.9430759209959936,1501,500.3333333333333
B_EW,72,spearman_betaadj,0.07045793958174912,7.329824337724998,1501,500.3333333333333
B_EW,72,slope_bp_per_sd,18.90731579011604,2.0031855343196963,1501,500.3333333333333
B_EW,120,pearson,0.04256428463187628,3.1083391085083827,1499,299.8
B_EW,120,spearman,0.08117488541100473,5.971965860496834,1499,299.8
B_EW,120,pearson_betaadj,0.028571336005185202,2.3018833961206715,1499,299.8
B_EW,120,spearman_betaadj,0.07394959368066396,5.9755808840087274,1499,299.8
B_EW,120,slope_bp_per_sd,29.12074688177287,1.8852529196604597,1499,299.8
B_EW,168,pearson,0.045976150761133906,2.962834380779227,1497,213.85714285714286
B_EW,168,spearman,0.08854001161256293,5.669547454339153,1497,213.85714285714286
B_EW,168,pearson_betaadj,0.03034844588038119,2.095110375033351,1497,213.85714285714286
B_EW,168,spearman_betaadj,0.07725819005358991,5.262579883089216,1497,213.85714285714286
B_EW,168,slope_bp_per_sd,36.68870163752962,1.740132463422103,1497,213.85714285714286
B_EW,336,pearson,0.061517706107765614,3.079685539517745,1490,106.42857142857143
B_EW,336,spearman,0.10599104407402267,5.173141136789581,1490,106.42857142857143
B_EW,336,pearson_betaadj,0.036618609151984685,1.8143351926943492,1490,106.42857142857143
B_EW,336,spearman_betaadj,0.0870303217930865,4.389515085473372,1490,106.42857142857143
B_EW,336,slope_bp_per_sd,72.6369386140513,1.7159756605593017,1490,106.42857142857143
B_BTC,1,pearson,0.012076777910062439,3.1379619627722213,4512,36096.0
B_BTC,1,spearman,0.01790812470633053,4.477671746393233,4512,36096.0
B_BTC,1,pearson_betaadj,0.013379120327586506,3.761134640864562,4512,36096.0
B_BTC,1,spearman_betaadj,0.021097238523463943,5.936207376574904,4512,36096.0
B_BTC,1,slope_bp_per_sd,0.8194937953198228,2.1802644937165017,4512,36096.0
B_BTC,4,pearson,0.012109946724888453,3.070278030974512,4512,9024.0
B_BTC,4,spearman,0.02206521237132181,5.427933029061124,4512,9024.0
B_BTC,4,pearson_betaadj,0.01293271626859073,3.549438380900813,4512,9024.0
B_BTC,4,spearman_betaadj,0.027138639495461716,7.365686857186646,4512,9024.0
B_BTC,4,slope_bp_per_sd,1.0729597551930687,1.4206983243563631,4512,9024.0
B_BTC,12,pearson,0.014408322291732218,3.0325937415946234,4511,3007.3333333333335
B_BTC,12,spearman,0.02962266932157236,6.103006393938513,4511,3007.3333333333335
B_BTC,12,pearson_betaadj,0.014664693264546197,3.274153982746243,4511,3007.3333333333335
B_BTC,12,spearman_betaadj,0.03437783825885416,7.584889710796423,4511,3007.3333333333335
B_BTC,12,slope_bp_per_sd,2.3566855407423994,1.4406504522044987,4511,3007.3333333333335
B_BTC,24,pearson,0.016387257495763984,2.607317658793923,4509,1503.0
B_BTC,24,spearman,0.03723478507559549,5.829753006061678,4509,1503.0
B_BTC,24,pearson_betaadj,0.014942972125517364,2.5552321391370603,4509,1503.0
B_BTC,24,spearman_betaadj,0.03933595095012299,6.708918071814091,4509,1503.0
B_BTC,24,slope_bp_per_sd,3.015917528310734,0.9912046762247462,4509,1503.0
B_BTC,48,pearson,0.023374635720713164,2.641724726266748,1502,751.0
B_BTC,48,spearman,0.04278040429197721,4.788200783197842,1502,751.0
B_BTC,48,pearson_betaadj,0.02229801045264293,2.6784995756148855,1502,751.0
B_BTC,48,spearman_betaadj,0.047605758132458244,5.730917558705317,1502,751.0
B_BTC,48,slope_bp_per_sd,5.767709414091129,0.9585328033146929,1502,751.0
B_BTC,72,pearson,0.02699003003265867,2.5574096020158725,1501,500.3333333333333
B_BTC,72,spearman,0.05013218548871161,4.784822012240736,1501,500.3333333333333
B_BTC,72,pearson_betaadj,0.026485683283901173,2.6612487665193374,1501,500.3333333333333
B_BTC,72,spearman_betaadj,0.05458304506633493,5.5760253720111885,1501,500.3333333333333
B_BTC,72,slope_bp_per_sd,9.989711009226074,1.1338887342858932,1501,500.3333333333333
B_BTC,120,pearson,0.027078689601063848,2.0606752977833107,1499,299.8
B_BTC,120,spearman,0.05300689302639534,4.1100218648982025,1499,299.8
B_BTC,120,pearson_betaadj,0.028839356022790145,2.2865845961492486,1499,299.8
B_BTC,120,spearman_betaadj,0.059801686403097985,4.718396966064421,1499,299.8
B_BTC,120,slope_bp_per_sd,17.13212888913562,1.2228489778205192,1499,299.8
B_BTC,168,pearson,0.029163487566051836,1.948130578674321,1497,213.85714285714286
B_BTC,168,spearman,0.05851706484194207,3.9463009629800876,1497,213.85714285714286
B_BTC,168,pearson_betaadj,0.03292606905606435,2.2560273130351085,1497,213.85714285714286
B_BTC,168,spearman_betaadj,0.06707986731851148,4.448972896206857,1497,213.85714285714286
B_BTC,168,slope_bp_per_sd,20.816435570997513,1.1107320864466608,1497,213.85714285714286
B_BTC,336,pearson,0.04232086092271649,2.1741133262668746,1490,106.42857142857143
B_BTC,336,spearman,0.07297901723018223,3.5816082439997645,1490,106.42857142857143
B_BTC,336,pearson_betaadj,0.04673683374320925,2.2025164694977284,1490,106.42857142857143
B_BTC,336,spearman_betaadj,0.07975709504374014,3.5817547996877317,1490,106.42857142857143
B_BTC,336,slope_bp_per_sd,49.89273979229667,1.3324018225606433,1490,106.42857142857143
