group,hour,phase,bp,t,n
fund_top20%,0,0,0.6313445647745457,0.5608858460527905,1790
fund_top20%,1,1,0.9786941870735417,1.0408462161425869,1792
fund_top20%,2,2,-0.6016448211662321,-0.7505375103230034,1792
fund_top20%,3,3,-0.6826823627501507,-0.8200970018706158,1792
fund_top20%,4,4,-1.9705223447659577,-2.476073333954728,1792
fund_top20%,5,5,0.2809086520956609,0.3861302452888987,1792
fund_top20%,6,6,-1.3186016126432674,-1.5652352572203623,1792
fund_top20%,7,7,-0.2225850034886623,-0.330172020522171,1792
fund_top20%,8,0,-0.20952095181576072,-0.23168658169567927,1792
fund_top20%,9,1,-0.4173607506767457,-0.5156785526206551,1792
fund_top20%,10,2,-0.2621448037904742,-0.3212528782187513,1792
fund_top20%,11,3,-1.5219029449585424,-1.9262383350163226,1792
fund_top20%,12,4,0.42642937652591323,0.4721839286930487,1792
fund_top20%,13,5,0.3629237977554299,0.3580378079902523,1792
fund_top20%,14,6,-1.3256462601478627,-1.2212203522486476,1792
fund_top20%,15,7,-1.3201761531445957,-1.4833041620183716,1792
fund_top20%,16,0,0.5194337795721535,0.5173944268191967,1792
fund_top20%,17,1,-2.961601769454829,-3.6594453000919756,1792
fund_top20%,18,2,-0.24466099366323968,-0.3267439013855064,1792
fund_top20%,19,3,-0.6510699569859019,-0.8380386458847408,1792
fund_top20%,20,4,-0.13924972399290295,-0.16986242184915207,1791
fund_top20%,21,5,0.45164377279474005,0.5912255565285017,1792
fund_top20%,22,6,-1.8427984050097481,-2.3361336654298546,1792
fund_top20%,23,7,-0.13815470110102696,-0.1846958701257676,1792
fund_top20%_pos,0,0,0.590407314786146,0.48398277777986315,1767
fund_top20%_pos,1,1,0.24669271514759794,0.26553735147386154,1770
fund_top20%_pos,2,2,-1.1439818003143745,-1.1739954650576327,1770
fund_top20%_pos,3,3,-0.3701803625028781,-0.4269537825717313,1770
fund_top20%_pos,4,4,-1.8378797640811624,-2.1706644301797837,1770
fund_top20%_pos,5,5,0.3167404231644272,0.4207084920916259,1771
fund_top20%_pos,6,6,-1.6474712865463415,-1.409139584425016,1771
fund_top20%_pos,7,7,-0.30261219372109266,-0.4303740468534456,1771
fund_top20%_pos,8,0,-0.3193693918553168,-0.32720585313808864,1771
fund_top20%_pos,9,1,-0.394594526629162,-0.49122500471051334,1771
fund_top20%_pos,10,2,-0.26448885150583085,-0.305682471547728,1771
fund_top20%_pos,11,3,-1.6361978762977523,-2.0911081757387957,1771
fund_top20%_pos,12,4,0.23055694198652651,0.252948984688726,1771
fund_top20%_pos,13,5,0.6191926880741105,0.6003264358040852,1771
fund_top20%_pos,14,6,-1.7798880606335354,-1.6937166045565804,1771
fund_top20%_pos,15,7,-1.3586127580806646,-1.4227811890051574,1771
fund_top20%_pos,16,0,1.3283390410002294,1.1141797188059894,1771
fund_top20%_pos,17,1,-2.9138254893989797,-3.52883919569558,1769
fund_top20%_pos,18,2,-0.2118574261318091,-0.27608390279766964,1769
fund_top20%_pos,19,3,-0.4067307084348194,-0.484711905956368,1769
fund_top20%_pos,20,4,-0.5610683550442092,-0.641175249849657,1768
fund_top20%_pos,21,5,0.483879682157883,0.6063755945774998,1769
fund_top20%_pos,22,6,-1.9788775756739803,-2.4073957342550236,1769
fund_top20%_pos,23,7,0.01677462209537222,0.022026133212086692,1769
fund_bot20%,0,0,-4.282034427474508,-3.647925134341784,1790
fund_bot20%,1,1,-2.7462108544331585,-1.8820150204275001,1792
fund_bot20%,2,2,0.504599078509113,0.5458871358213656,1792
fund_bot20%,3,3,1.2045959278396898,1.3406638518878002,1792
fund_bot20%,4,4,-0.39069305714761576,-0.4163217972266264,1792
fund_bot20%,5,5,-0.9654484770354185,-1.0487832150601928,1792
fund_bot20%,6,6,0.9316186131312086,0.8375284548394578,1792
fund_bot20%,7,7,-0.3264504825991513,-0.32180671343523565,1792
fund_bot20%,8,0,-3.4348844774635277,-3.252964177690839,1792
fund_bot20%,9,1,-0.17757886482218208,-0.1563540298544741,1792
fund_bot20%,10,2,1.3143588440041645,1.5237955617770613,1792
fund_bot20%,11,3,1.2400986357482466,1.0880586044714857,1792
fund_bot20%,12,4,-1.733909946895788,-1.7731612852120966,1792
fund_bot20%,13,5,-2.2569914842388084,-2.3002778804684834,1792
fund_bot20%,14,6,-1.333253048593295,-1.2289272687072934,1792
fund_bot20%,15,7,0.049722574609810465,0.05633206913612228,1792
fund_bot20%,16,0,-2.4546761310270284,-2.4436973687503634,1792
fund_bot20%,17,1,3.234380743674577,3.8847737319756184,1792
fund_bot20%,18,2,0.5865661688868347,0.7037357798460774,1792
fund_bot20%,19,3,-0.41088201399587765,-0.5140497878585236,1792
fund_bot20%,20,4,-1.7576806783346064,-2.1453169070529006,1791
fund_bot20%,21,5,1.0328913776294542,1.0009275429975457,1792
fund_bot20%,22,6,1.523638848232206,1.5567494281596013,1792
fund_bot20%,23,7,1.4895065818975703,1.8482041830190903,1792
S0_top20(short cands),0,0,-1.762599732773487,-1.8572398365167166,1790
S0_top20(short cands),1,1,-0.6595346219299298,-0.8319899316483974,1792
S0_top20(short cands),2,2,-1.9857659133572665,-2.4067397684345297,1792
S0_top20(short cands),3,3,-1.920566928426932,-2.2292352320385755,1792
S0_top20(short cands),4,4,-0.9403551795682965,-1.0986073140829447,1792
S0_top20(short cands),5,5,0.19469551606910282,0.23613087521713755,1792
S0_top20(short cands),6,6,-2.1311654962908095,-2.3786763512203573,1792
S0_top20(short cands),7,7,-0.8248837241490459,-1.0993565038905107,1792
S0_top20(short cands),8,0,-2.6179836827373073,-3.184955498517112,1792
S0_top20(short cands),9,1,-0.7924333881902345,-1.0109427412089333,1792
S0_top20(short cands),10,2,-0.8824718502371195,-1.0439263064605109,1792
S0_top20(short cands),11,3,-0.3165237960083869,-0.4089577194532281,1792
S0_top20(short cands),12,4,-1.0893433367108734,-1.3656131812929018,1792
S0_top20(short cands),13,5,0.09746887393169174,0.12077497050466911,1792
S0_top20(short cands),14,6,-1.6935844770658046,-1.8416505961763114,1792
S0_top20(short cands),15,7,-1.4409248783165236,-1.5722584175289356,1792
S0_top20(short cands),16,0,-1.4231016040500988,-1.456972176041182,1792
S0_top20(short cands),17,1,-1.6029580964082417,-2.071285209835579,1792
S0_top20(short cands),18,2,1.052498780094872,1.35107214517565,1792
S0_top20(short cands),19,3,-1.4973955018865874,-1.7926085433321437,1792
S0_top20(short cands),20,4,0.9189509248248845,1.2900306980447178,1791
S0_top20(short cands),21,5,-0.42542759964383936,-0.5449442483458853,1792
S0_top20(short cands),22,6,-1.2986629866585582,-1.7323715262975614,1792
S0_top20(short cands),23,7,1.1564228809660206,1.6442194567136355,1792
S0_bot12(long cands),0,0,2.961047835395244,3.0967491771734053,1790
S0_bot12(long cands),1,1,0.5825694835190978,0.7194119272040189,1792
S0_bot12(long cands),2,2,0.8721631677739478,1.2346489748213547,1792
S0_bot12(long cands),3,3,0.5352743628863211,0.8336451253965138,1792
S0_bot12(long cands),4,4,-0.49588929658729847,-0.7387142336486239,1792
S0_bot12(long cands),5,5,-1.2613266446409352,-1.8851119333535364,1792
S0_bot12(long cands),6,6,0.6030697340487212,0.8128012889108698,1792
S0_bot12(long cands),7,7,0.862708301700704,1.3215343545638636,1792
S0_bot12(long cands),8,0,1.9948748151211895,3.0404079628403227,1792
S0_bot12(long cands),9,1,2.2298114514796588,3.3037691717306137,1792
S0_bot12(long cands),10,2,1.6280611026443634,2.5859632937985544,1792
S0_bot12(long cands),11,3,0.8242129290323233,1.243967182637553,1792
S0_bot12(long cands),12,4,1.899536675736281,2.577356842990554,1792
S0_bot12(long cands),13,5,0.5588906574239955,0.6167829598229791,1792
S0_bot12(long cands),14,6,1.266101585484461,1.7326004417292558,1792
S0_bot12(long cands),15,7,1.5045522387925763,2.0248347360909174,1792
S0_bot12(long cands),16,0,2.119262444984231,2.8336029350713132,1792
S0_bot12(long cands),17,1,1.3588419709642783,2.1763490034242334,1792
S0_bot12(long cands),18,2,0.8389480962357483,1.2404368333199227,1792
S0_bot12(long cands),19,3,1.0975550108781407,1.9076668672931956,1792
S0_bot12(long cands),20,4,-0.1843203109302841,-0.2828139286924548,1791
S0_bot12(long cands),21,5,-0.4640570083967013,-0.6998348421924058,1792
S0_bot12(long cands),22,6,0.16210572047897512,0.25099330291692973,1792
S0_bot12(long cands),23,7,-1.5878661974290802,-2.3712776541132063,1792
