id,SR,SR8,SR12,bp,to,t,years,groups,reg,padopt,adopt,mdd2,minYr,clocks_won,blocked_frac_M,offset,sleeve_SR,rw,base_policy,hedge_to,clk,ydiff
E01,2.788,2.631,2.381,20.888,0.465,1.811,5/6,4/5,0.15/0.05,True,False,-24.699,1.758,7.0,,,,,,,,
E02,2.802,2.646,2.397,20.959,0.462,2.033,5/6,3/5,0.30/0.11,False,False,-24.356,1.769,8.0,,,,,,,,
E03,2.812,2.656,2.408,20.999,0.46,1.951,5/6,2/5,0.40/0.15,False,False,-23.992,1.768,8.0,,,,,,,,
E05,2.703,2.518,2.224,20.208,0.547,-1.929,0/6,1/5,-0.79/-0.21,False,False,-26.938,1.639,1.0,,,,,,,,
E06,2.714,2.53,2.235,20.253,0.545,-1.573,2/6,2/5,-0.75/-0.07,False,False,-25.86,1.638,1.0,,,,,,,,
E07,2.743,2.559,2.265,20.422,0.544,-0.738,2/6,3/5,-0.07/-0.42,False,False,-24.685,1.678,2.0,,,,,,,,
E08,2.714,2.527,2.226,20.538,0.566,-2.945,1/6,4/5,-0.49/-0.38,False,False,-24.957,1.689,0.0,,,,,,,,
E09,2.777,2.618,2.365,20.899,0.473,0.308,1/6,3/5,-0.07/0.15,False,False,-25.01,1.742,5.0,,,,,,,,
E10,2.768,2.603,2.34,20.775,0.49,-0.443,1/6,3/5,0.03/-0.12,False,False,-24.984,1.724,2.0,,,,,,,,
E11,2.757,2.595,2.338,20.694,0.48,-3.902,1/6,1/5,-0.13/-0.12,False,False,-25.175,1.718,1.0,,,,,,,,
E12,2.707,2.511,2.197,20.472,0.591,-2.794,0/6,5/5,-0.48/-0.53,False,False,-24.881,1.669,1.0,,,,,,,,
E13,2.655,2.443,2.104,19.992,0.635,-2.761,0/6,2/5,-1.16/-0.56,False,False,-26.866,1.585,1.0,,,,,,,,
V01,2.735,2.575,2.319,19.764,0.459,-0.332,2/6,3/5,0.65/-1.48,False,False,-25.16,1.58,3.0,0.061,,,,,,,
V02,2.724,2.564,2.307,19.685,0.46,-0.463,1/6,3/5,0.53/-1.50,False,False,-24.244,1.513,2.0,0.061,,,,,,,
V03,2.773,2.615,2.363,20.734,0.468,-0.002,4/6,3/5,0.01/-0.02,False,False,-24.571,1.649,4.0,0.061,,,,,,,
V04,2.69,2.529,2.27,19.053,0.454,-0.641,2/6,3/5,1.16/-2.88,False,False,-23.815,1.33,3.0,0.159,,,,,,,
V05,2.791,2.632,2.378,20.502,0.463,0.254,3/6,3/5,0.97/-0.91,False,False,-22.618,1.554,5.0,0.015,,,,,,,
V06,2.682,2.524,2.27,19.704,0.463,-1.252,2/6,2/5,-0.11/-1.41,False,False,-23.562,1.736,2.0,0.047,,,,,,,
V07,2.674,2.515,2.261,19.66,0.464,-1.42,2/6,1/5,-0.10/-1.56,False,False,-23.115,1.646,0.0,0.047,,,,,,,
V08,2.773,2.616,2.365,20.815,0.468,-0.007,3/6,2/5,-0.07/0.09,False,False,-24.835,1.736,4.0,0.047,,,,,,,
V09,2.665,2.508,2.256,19.719,0.462,-0.988,2/6,1/5,0.71/-2.73,False,False,-27.011,1.381,0.0,0.103,,,,,,,
V10,2.736,2.578,2.325,20.395,0.467,-0.762,3/6,3/5,0.31/-1.03,False,False,-24.961,1.637,2.0,0.015,,,,,,,
V11,2.755,2.597,2.344,20.531,0.467,-0.459,3/6,2/5,0.29/-0.68,False,False,-24.688,1.624,4.0,0.01,,,,,,,
F01_o3,2.737,2.586,2.344,21.137,0.462,-0.36,1/6,3/5,-0.56/0.08,False,False,-25.461,1.609,,,3.0,,,,,,
F02_o1,2.806,2.652,2.407,21.76,0.47,0.31,3/6,3/5,-0.29/0.92,False,False,-23.496,1.821,,,1.0,,,,,,
N02b,2.336,2.163,1.886,17.565,0.517,-3.325,1/6,1/5,-3.74/-2.77,False,False,-34.422,0.986,0.0,,,,,,,,
N03b,2.556,2.396,2.141,18.791,0.466,-1.878,2/6,2/5,-2.17/-0.99,False,False,-34.274,0.962,0.0,,,,,,,,
N02s,2.267,2.02,1.626,14.199,0.615,-4.266,0/6,1/5,-4.50/-2.98,False,False,-34.21,0.858,0.0,,,-0.755,0.25,,,,
N02s_rw0.15,2.52,2.31,1.976,16.849,0.556,-3.837,0/6,1/5,-2.26/-1.49,False,False,-28.131,1.252,0.0,,,-0.755,0.15,,,,
N02s_rw0.35,1.937,1.653,1.2,11.55,0.673,-4.721,0/6,0/5,-7.45/-4.92,False,False,-44.371,0.44,0.0,,,-0.755,0.35,,,,
E14,2.812,2.655,2.405,21.209,0.469,1.166,2/6,5/5,0.03/0.63,False,False,-23.911,1.725,6.0,,,,,E12,,,
E15,2.799,2.642,2.392,21.141,0.469,0.893,1/6,4/5,-0.14/0.62,False,False,-23.967,1.747,7.0,,,,,E08,,,
E16,2.79,2.633,2.38,20.89,0.468,1.244,4/6,3/5,0.27/-0.05,False,False,-24.333,1.721,5.0,,,,,E02,,,
W06,2.811,2.668,2.438,21.097,0.427,7.284,6/6,5/5,0.28/0.30,True,True,-24.872,1.772,8.0,,,,,,0.114,,
W09,2.476,2.263,1.922,16.889,0.578,-1.682,1/6,1/5,-0.26/-4.74,False,False,-27.415,1.072,0.0,,,,,,,,
E04,2.793276247773564,2.634647478390083,2.3810699540236424,20.90375073027881,0.4705076211886875,0.7382838394529763,5/6,4/5,0.40/-0.16,False,False,-25.415482773002363,1.7099323803837285,4.0,,,,,,,"{""0"": 2.871, ""1"": 2.736, ""2"": 2.749, ""3"": 2.694, ""4"": 2.879, ""5"": 2.631, ""6"": 2.429, ""7"": 2.685}","{""2020"": 0.41, ""2021"": -0.31, ""2022"": 0.36, ""2023"": 0.05, ""2024"": 0.1, ""2025"": 0.34}"
W07,2.786844467574054,2.6291256140963175,2.376997888897513,20.891308819604575,0.46865842180095135,1.0638282562757553,3/6,4/5,0.17/0.02,False,False,-25.009186386363915,1.7189961627781556,5.0,,,,,,,"{""0"": 2.96, ""1"": 2.866, ""2"": 2.599, ""3"": 2.739, ""4"": 2.743, ""5"": 2.594, ""6"": 2.42, ""7"": 2.643}","{""2020"": 0.06, ""2021"": -0.21, ""2022"": 0.12, ""2023"": -0.0, ""2024"": -0.05, ""2025"": 0.7}"
W05,2.735896633028801,2.5717947727851302,2.309449173991001,21.359118084970678,0.5083860798939911,-0.5379015807834219,3/6,3/5,-0.03/-0.60,False,False,-26.013390654844848,1.4162955888920965,0.0,,,,,,,"{""0"": 2.852, ""1"": 2.786, ""2"": 2.56, ""3"": 2.726, ""4"": 2.759, ""5"": 2.522, ""6"": 2.397, ""7"": 2.647}","{""2020"": 1.29, ""2021"": -3.33, ""2022"": 0.88, ""2023"": -0.29, ""2024"": 0.46, ""2025"": -0.38}"
W06_band0.02,2.7999629771203294,2.654528595828161,2.422044209227097,21.01962922491242,0.43226078860361666,7.018777354209728,6/6,5/5,0.18/0.23,True,True,-25.001266587464286,1.7636759213670203,8.0,,,,,,,"{""0"": 2.937, ""1"": 2.831, ""2"": 2.622, ""3"": 2.766, ""4"": 2.789, ""5"": 2.61, ""6"": 2.455, ""7"": 2.678}","{""2020"": 0.06, ""2021"": 0.2, ""2022"": 0.12, ""2023"": 0.14, ""2024"": 0.29, ""2025"": 0.37}"
W06_band0.05,2.8165309939701637,2.6737985116731613,2.4456408931261304,21.13537041746067,0.42383984076827047,6.209085421199802,6/6,5/5,0.34/0.31,True,True,-24.80670562446059,1.7783944110092276,8.0,,,,,,,"{""0"": 2.954, ""1"": 2.854, ""2"": 2.633, ""3"": 2.775, ""4"": 2.802, ""5"": 2.624, ""6"": 2.473, ""7"": 2.702}","{""2020"": 0.35, ""2021"": 0.32, ""2022"": 0.25, ""2023"": 0.2, ""2024"": 0.42, ""2025"": 0.41}"
