id,name,topic,rationale,params,SR8clk,SR8bp,SR12bp,t_vs_BMV,years,groups,regimes_up_dn,partition_adopt,mdd_at2pct,minYrSR,verdict
V00,verify_engine,0,ext4 with execf=None and no entry masks must reproduce ext3 B-MV bit for bit at all 8 offsets (not a trial),execf=None,,,,,,,,,,,engine reproduces B-MV exactly (max diff 0.0)
E01,twap2,1,Split every weight change over 2 hours; averages entry price over the post-rebalance hours and dilutes 1h reversal noise at no extra turnover,f=(j-i0+1)/2 H=2,2.788,2.631,2.381,1.81,5/6,4/5,0.15/0.05,True,-24.7,1.758,FAIL
E02,twap3,1,same family 3h,f=(j-i0+1)/3 H=3,2.802,2.646,2.397,2.03,5/6,3/5,0.30/0.11,False,-24.36,1.769,FAIL
E03,twap4,1,same family 4h,f=(j-i0+1)/4 H=4,2.812,2.656,2.408,1.95,5/6,2/5,0.40/0.15,False,-23.99,1.768,FAIL
E04,delay1_all,1,Control: every change executed 1h late. Separates pure 'later entry' drift from signal-conditioned timing,f=0 until H=1,2.793,2.635,2.381,0.74,5/6,4/5,0.40/-0.16,False,-25.42,1.71,FAIL
E05,SE_r1le0_H4,1,New short entries wait until the coin's last-1h BTC residual is <= 0 (pump has stopped rising); forced at 4h. Avoids shorting into continuing squeezes,cond on resid[j],2.703,2.518,2.224,-1.93,0/6,1/5,-0.79/-0.21,False,-26.94,1.639,FAIL
E06,SE_r2le0_H4,1,same family: last-2h cumulative residual <= 0,cond on resid[j-1..j] H=4,2.714,2.53,2.235,-1.57,2/6,2/5,-0.75/-0.07,False,-25.86,1.638,FAIL
E07,SE_r3le0_H6,1,same family: last-3h cumulative residual <= 0; forced at 6h,cond on resid[j-2..j] H=6,2.743,2.559,2.265,-0.74,2/6,3/5,-0.07/-0.42,False,-24.68,1.678,FAIL
E08,SX_dump_H4,1,Short covers (to 0 or reduction) are delayed while the name is dumping (last-3h resid < 0) until its 1h resid >= 0; forced at 4h. Prior diag_rev: bottom-5% 3h-residual names keep falling (-2.8 bp/h),cond: start if r3<0; exec when r1>=0,2.714,2.527,2.226,-2.94,1/6,4/5,-0.49/-0.38,False,-24.96,1.689,FAIL
E09,SX_bigdump_H4,1,same as E08 but only when the 3h residual < -2 sigma_h*sqrt(3) (real dump); otherwise immediate,sigma_h = 168h hourly idio std at i0,2.777,2.618,2.365,0.31,1/6,3/5,-0.07/0.15,False,-25.01,1.742,FAIL
E10,LE_r1ge0_H4,1,New long entries wait until the last-1h residual is >= 0 (stops falling); forced at 4h. Same bottom-tail continuation evidence as E08,cond on resid[j],2.768,2.603,2.34,-0.44,1/6,3/5,0.03/-0.12,False,-24.98,1.724,FAIL
E11,LX_pump_H4,1,Symmetric control: long exits delayed while pumping (r3>0) until r1<=0; forced at 4h. Prior says top tail underperforms so expected <= 0,cond,2.757,2.595,2.338,-3.9,1/6,1/5,-0.13/-0.12,False,-25.18,1.718,FAIL
E12,downside_combo,1,E08+E10 (the two rules backed by bottom-tail continuation) combined,E08+E10,2.707,2.511,2.197,-2.79,0/6,5/5,-0.48/-0.53,False,-24.88,1.669,FAIL
E13,all4_combo,1,E05+E08+E10+E11 all symmetric rules combined,E05+E08+E10+E11,2.655,2.443,2.104,-2.76,0/6,2/5,-1.16/-0.56,False,-26.87,1.585,FAIL
F00,diag_phase,2,DIAGNOSTIC (not a trial): mean BTC-residual return per hour-of-day mod 8 (phase vs 00/08/16 UTC settlement) for top-quintile funding / bottom-quintile funding / B-MV short-candidate names inside M; NW t per phase; plus B-MV SR per clock offset,,,,,,,,,,,,"phase-0 effect strong (long cands t5.2, neg-funding t-5.4); does not explain clock dispersion"
F01,clock_by_mechanism,2,Pre-registered rule: IF F00 shows a phase block with |t|>=3 for high-funding names then choose the single offset whose entry/exit fill hour is the one the drift favours for the short leg (enter shorts before the predicted drop / after the predicted rise); judge its single-clock book vs the 8-clock-averaged B-MV and report its rank among the 8 clocks. IF no phase has |t|>=3 the trial is recorded as 'no mechanism' and no clock is chosen,F00 outcome: fund_top20% phase-6 t=-3.0 (fund_top20%_pos -3.2) -> rule triggers; drift favours having NEW shorts earn the phase-6 bar first => first earning bar phase 6 => offset 3 (reb when (hour+4)%8==0),2.737,2.586,2.344,-0.36,1/6,3/5,-0.56/0.08,False,-25.46,1.609,FAIL
V01,volspike5_both,3,Block NEW entries (both legs) if any hourly quote volume in the last 8h > 5x its trailing 168h hourly mean: volume spikes flag news/flows whose idio-vol read is stale,k=5 window=8h,2.735,2.575,2.319,-0.33,2/6,3/5,0.65/-1.48,False,-25.16,1.58,FAIL
V02,volspike5_short,3,same filter on short entries only (squeeze risk after flow spikes),k=5,2.724,2.564,2.307,-0.46,1/6,3/5,0.53/-1.50,False,-24.24,1.513,FAIL
V03,volspike5_long,3,same filter on long entries only (calm-name long is no longer calm),k=5,2.773,2.615,2.363,-0.0,4/6,3/5,0.01/-0.02,False,-24.57,1.649,FAIL
V04,volspike3_both,3,family member,k=3,2.69,2.529,2.27,-0.64,2/6,3/5,1.16/-2.88,False,-23.82,1.33,FAIL
V05,volspike10_both,3,family member,k=10,2.791,2.632,2.378,0.25,3/6,3/5,0.97/-0.91,False,-22.62,1.554,FAIL
V06,jump4_both,3,Block NEW entries if any hourly |BTC-residual| in the last 8h > 4 sigma_h (168h hourly idio std at i),k=4,2.682,2.524,2.27,-1.25,2/6,2/5,-0.11/-1.41,False,-23.56,1.736,FAIL
V07,jump4_short,3,jump filter on short entries only,k=4,2.674,2.515,2.261,-1.42,2/6,1/5,-0.10/-1.56,False,-23.11,1.646,FAIL
V08,jump4_long,3,jump filter on long entries only,k=4,2.773,2.616,2.365,-0.01,3/6,2/5,-0.07/0.09,False,-24.84,1.736,FAIL
V09,jump3_both,3,family member,k=3,2.665,2.508,2.256,-0.99,2/6,1/5,0.71/-2.73,False,-27.01,1.381,FAIL
V10,jump6_both,3,family member,k=6,2.736,2.578,2.325,-0.76,3/6,3/5,0.31/-1.03,False,-24.96,1.637,FAIL
V11,gaprev4_both,3,Block NEW entries if a >4 sigma_h hourly residual jump in the last 8h was followed by a retrace of >50% of it (opposite-sign cumulative residual since the jump): unstable price discovery,k=4 retrace=0.5,2.755,2.597,2.344,-0.46,3/6,2/5,0.29/-0.68,False,-24.69,1.624,FAIL
F02,clock_phase0_posthoc,2,"POST-HOC (registered after F00 and after the B-MV per-clock table was printed): F00's strongest effect is the S0 long-short spread in the phase-0 bar (long cands +2.4 bp t5.2, short cands -1.9 bp t-3.8); freshest portfolio should earn phase 0 first => offset 1",single offset 1,2.806,2.652,2.407,0.31,3/6,3/5,-0.29/0.92,False,-23.5,1.821,FAIL
N01,peer_mom72,"4 (new-signal screen, added at user request)","Lagged cross-predictability: mean 72h residual return of the coin's 10 most-correlated peers (336h residual corr, M only). Slow information diffusion across related coins (Cohen-Frazzini style); never tested (only BTC lead-lag was) || Screen rule (pre-registered): cross-sectional rank IC inside M of pct(feature) residualised on pct(S0) vs forward residual return R[i+2..i+9] (8h) and R[i+2..i+73] (72h) at offset-0 rebalance rows; sign fixed on 2020-03..2022-12; PROMOTE to a book trial only if 2023-2025 IC has the same sign with NW |t|>=2 at the 72h horizon. Promoted book trial: score=(1-w)*S0+w*pct(signed feat), w=0.15, B-MV 8-clock, same adoption bar. Max 3 promotions.",screen; w=0.15 if promoted,,,,,,,,,,,screen drop
N02,flow72,"4 (new-signal screen, added at user request)","Volume-signed residual flow: sum over 72h of resid*Q/meanQ168. Separates informed volume-backed moves from thin drifts; plain momentum and volume shocks were tested separately, not their product || Screen rule (pre-registered): cross-sectional rank IC inside M of pct(feature) residualised on pct(S0) vs forward residual return R[i+2..i+9] (8h) and R[i+2..i+73] (72h) at offset-0 rebalance rows; sign fixed on 2020-03..2022-12; PROMOTE to a book trial only if 2023-2025 IC has the same sign with NW |t|>=2 at the 72h horizon. Promoted book trial: score=(1-w)*S0+w*pct(signed feat), w=0.15, B-MV 8-clock, same adoption bar. Max 3 promotions.",screen; w=0.15 if promoted,,,,,,,,,,,screen PROMOTE (OOS IC -0.043 t-6.7)
N03,idio_share,"4 (new-signal screen, added at user request)","Idiosyncratic share 1-R^2 of the 336h BTC regression. Distinct from idio vol level: a coin can be high-vol but BTC-driven || Screen rule (pre-registered): cross-sectional rank IC inside M of pct(feature) residualised on pct(S0) vs forward residual return R[i+2..i+9] (8h) and R[i+2..i+73] (72h) at offset-0 rebalance rows; sign fixed on 2020-03..2022-12; PROMOTE to a book trial only if 2023-2025 IC has the same sign with NW |t|>=2 at the 72h horizon. Promoted book trial: score=(1-w)*S0+w*pct(signed feat), w=0.15, B-MV 8-clock, same adoption bar. Max 3 promotions.",screen; w=0.15 if promoted,,,,,,,,,,,screen PROMOTE (OOS IC -0.027 t-3.7)
N04,vol_hhi24,"4 (new-signal screen, added at user request)","Hourly volume concentration: Herfindahl of hourly quote volume within 24h, averaged over 7d. Bursty volume = pump/dump flow signature || Screen rule (pre-registered): cross-sectional rank IC inside M of pct(feature) residualised on pct(S0) vs forward residual return R[i+2..i+9] (8h) and R[i+2..i+73] (72h) at offset-0 rebalance rows; sign fixed on 2020-03..2022-12; PROMOTE to a book trial only if 2023-2025 IC has the same sign with NW |t|>=2 at the 72h horizon. Promoted book trial: score=(1-w)*S0+w*pct(signed feat), w=0.15, B-MV 8-clock, same adoption bar. Max 3 promotions.",screen; w=0.15 if promoted,,,,,,,,,,,screen drop
N05,var_ratio24,"4 (new-signal screen, added at user request)","Variance ratio var(24h resid sums)/(24*var(1h resid)) over 336h: multi-hour trendiness vs mean reversion (phi only captured lag-1) || Screen rule (pre-registered): cross-sectional rank IC inside M of pct(feature) residualised on pct(S0) vs forward residual return R[i+2..i+9] (8h) and R[i+2..i+73] (72h) at offset-0 rebalance rows; sign fixed on 2020-03..2022-12; PROMOTE to a book trial only if 2023-2025 IC has the same sign with NW |t|>=2 at the 72h horizon. Promoted book trial: score=(1-w)*S0+w*pct(signed feat), w=0.15, B-MV 8-clock, same adoption bar. Max 3 promotions.",screen; w=0.15 if promoted,,,,,,,,,,,screen drop
N06,settle_drift30,"4 (new-signal screen, added at user request)","Coin-specific settlement pressure: mean residual in phase-0 bars (00/08/16) minus other bars over the last 30d; follows up F00's phase-0 effect at coin level || Screen rule (pre-registered): cross-sectional rank IC inside M of pct(feature) residualised on pct(S0) vs forward residual return R[i+2..i+9] (8h) and R[i+2..i+73] (72h) at offset-0 rebalance rows; sign fixed on 2020-03..2022-12; PROMOTE to a book trial only if 2023-2025 IC has the same sign with NW |t|>=2 at the 72h horizon. Promoted book trial: score=(1-w)*S0+w*pct(signed feat), w=0.15, B-MV 8-clock, same adoption bar. Max 3 promotions.",screen; w=0.15 if promoted,,,,,,,,,,,screen drop
N02b,flow72_blend15,4,PROMOTED by screen (IS IC72 -0.033 t-2.8; OOS -0.043 t-6.7): high volume-signed 72h residual flow -> underperform. score=0.85*S0+0.15*pct(flow72 in M) (high flow -> short side),w=0.15,2.336,2.163,1.886,-3.33,1/6,1/5,-3.74/-2.77,False,-34.42,0.986,FAIL
N03b,idioshare_blend15,4,PROMOTED by screen (IS IC72 -0.042 t-3.0; OOS -0.027 t-3.7): high idiosyncratic share -> underperform beyond idio-vol level. score=0.85*S0+0.15*pct(1-R2 in M),w=0.15,2.556,2.396,2.141,-1.88,2/6,2/5,-2.17/-0.99,False,-34.27,0.962,FAIL
N02s,flow72_sleeve,4,"Pre-registered after N02b failed: the IC may live outside S0's tails, so run flow72 as its own market-neutral sleeve: ext4.book(pct(flow72) within M; N=NS=20; short_frac 0.5; stop 0.2; minvar_floor off; 8h; 8-clock avg), scale to B-MV vol, blend (1-rw)*B-MV + rw*sleeve with rw=0.25 (0.15/0.35 shown as sensitivity only). Gate: decile diagnostic must show the top decile of S0-neutral flow72 underperforms (else trial recorded as not run)",rw=0.25,2.267,2.02,1.626,-4.27,0/6,1/5,-4.50/-2.98,False,-34.21,0.858,FAIL
E14,downside_combo_hedgeT,1,"POST-HOC (registered after diag_turnover showed coin turnover unchanged 0.314/day but hedge turnover 0.155->0.25-0.28 and pre-cost bp E08 23.65 / E12 23.72 vs B-MV 23.40): hedge traded once to the TARGET portfolio beta at the rebalance (hedge uses target weights for coins still pending), accepting small beta drift during the window. Policy = E12",hedge_target=True,2.812,2.655,2.405,1.17,2/6,5/5,0.03/0.63,False,-23.91,1.725,FAIL
E15,SX_dump_hedgeT,1,"POST-HOC (registered after diag_turnover showed coin turnover unchanged 0.314/day but hedge turnover 0.155->0.25-0.28 and pre-cost bp E08 23.65 / E12 23.72 vs B-MV 23.40): hedge traded once to the TARGET portfolio beta at the rebalance (hedge uses target weights for coins still pending), accepting small beta drift during the window. Policy = E08",hedge_target=True,2.799,2.642,2.392,0.89,1/6,4/5,-0.14/0.62,False,-23.97,1.747,FAIL
E16,twap3_hedgeT,1,"POST-HOC (registered after diag_turnover showed coin turnover unchanged 0.314/day but hedge turnover 0.155->0.25-0.28 and pre-cost bp E08 23.65 / E12 23.72 vs B-MV 23.40): hedge traded once to the TARGET portfolio beta at the rebalance (hedge uses target weights for coins still pending), accepting small beta drift during the window. Control: policy = E02 (TWAP3)",hedge_target=True,2.79,2.633,2.38,1.24,4/6,3/5,0.27/-0.05,False,-24.33,1.721,FAIL
W01,long_negfund_veto,"W4 (wave 4, own budget 20, opened at user request after wave3c's 40 were used)","Idea agent #3: bottom-quintile-funding coins lose ~9bp/day residual (F00 phase-0 -3.4bp/h t-5.4), more than a long collects in funding. Rule: a NEW long in cand_L is skipped if F < -5e-4 (mirror of the short guard); fill from next names. PRE-SCREEN at offset-0 rebalance rows (approximate candidate sets: cand_S = top 28 by S0 in M with F>=-5e-4; B shorts = its top 20; cand_L = lowest 20 by S0; B longs = lowest 12): forward residual return rows i+2..i+9 (long side net of funding received, -F/3). PASS only if the rule's swap effect has the predicted sign in BOTH 2020-03..2022 and 2023..2025 and full-sample NW t>=1.5. Survivors (max 3) -> full 8-clock B-MV book trial, same adoption bar (partition adopt & t>=2, walk-forward if a family, plateau on pass).",thr=-5e-4,,,,,,,,,,,pre-screen FAIL (sign flips)
W02,short_flow_tiebreak,"W4 (wave 4, own budget 20, opened at user request after wave3c's 40 were used)","Idea agent #1: volume-backed rallies in lottery names are levered retail buying that unwinds (within S0 top-20: high-flow -6.3bp/8h vs low, t-1.7, full sample). Rule: from cand_S drop the 8 lowest pct(flow72) for NEW entries; S0 ranks untouched. PRE-SCREEN at offset-0 rebalance rows (approximate candidate sets: cand_S = top 28 by S0 in M with F>=-5e-4; B shorts = its top 20; cand_L = lowest 20 by S0; B longs = lowest 12): forward residual return rows i+2..i+9 (long side net of funding received, -F/3). PASS only if the rule's swap effect has the predicted sign in BOTH 2020-03..2022 and 2023..2025 and full-sample NW t>=1.5. Survivors (max 3) -> full 8-clock B-MV book trial, same adoption bar (partition adopt & t>=2, walk-forward if a family, plateau on pass).",drop 8 of 28,,,,,,,,,,,pre-screen FAIL (opposite sign both halves)
W03,nearhigh_tiebreak,"W4 (wave 4, own budget 20, opened at user request after wave3c's 40 were used)","Idea agent #6: George-Hwang anchoring, the only positive prior sleeve (S08). nh = logC - max720(logC). Longs: keep the 12 of cand_L with highest nh; shorts: from cand_S drop the 8 with highest nh. PRE-SCREEN at offset-0 rebalance rows (approximate candidate sets: cand_S = top 28 by S0 in M with F>=-5e-4; B shorts = its top 20; cand_L = lowest 20 by S0; B longs = lowest 12): forward residual return rows i+2..i+9 (long side net of funding received, -F/3). PASS only if the rule's swap effect has the predicted sign in BOTH 2020-03..2022 and 2023..2025 and full-sample NW t>=1.5. Survivors (max 3) -> full 8-clock B-MV book trial, same adoption bar (partition adopt & t>=2, walk-forward if a family, plateau on pass).",both legs,,,,,,,,,,,pre-screen FAIL (sign flips)
W04,long_capitulation_veto,"W4 (wave 4, own budget 20, opened at user request after wave3c's 40 were used)","Idea agent #2: bottom flow72 decile is the worst (-10bp/8h): skip a NEW long if pct(flow72 in M) < 0.10. Also report veto frequency; if < 0.2 per rebalance it is not worth a book trial. PRE-SCREEN at offset-0 rebalance rows (approximate candidate sets: cand_S = top 28 by S0 in M with F>=-5e-4; B shorts = its top 20; cand_L = lowest 20 by S0; B longs = lowest 12): forward residual return rows i+2..i+9 (long side net of funding received, -F/3). PASS only if the rule's swap effect has the predicted sign in BOTH 2020-03..2022 and 2023..2025 and full-sample NW t>=1.5. Survivors (max 3) -> full 8-clock B-MV book trial, same adoption bar (partition adopt & t>=2, walk-forward if a family, plateau on pass).",pct<0.10,,,,,,,,,,,pre-screen FAIL (sign flips)
W05,long_minvar_floor,"W4 (wave 4, own budget 20, opened at user request after wave3c's 40 were used)","Idea agent #8: calm longs cluster in narratives; minvar_floor on the long leg too (336h resid cov, 0.5 shrink, 0.4-2x EW). Judged by the wave-2 risk-shape rule (dCVaR vs random-weight null 95th pct, t>=-0.5, minYrSR>=B-MV) - no pre-screen",book trial directly,2.736,2.572,2.309,-0.54,3/6,3/5,-0.03/-0.60,False,-26.01,1.416,FAIL (minYrSR 1.42 < 1.74; t -0.54)
W06,hedge_band,"W4 (wave 4, own budget 20, opened at user request after wave3c's 40 were used)","Idea agent #10 + red-team finding: BTC hedge is re-traded hourly as the 168h beta drifts (0.155/day of 0.469 turnover). Rule: hedge changes only at rebalances/stops or when |target-current| > 0.03 of NAV. Judged on paired t, years, regimes (coin-group test EXEMPT: hedge P&L is not coin-attributed; disclosed) plus realised beta-drift tracking vol",band=0.03,2.811,2.668,2.438,7.28,6/6,5/5,0.28/0.30,True,-24.87,1.772,ADOPT (cost-only; coin-group test exempt as pre-registered)
W07,LE_delay_hedgeT,"W4 (wave 4, own budget 20, opened at user request after wave3c's 40 were used)",Red-team fix #1: E10 (delay new longs until 1h resid >=0) with hedge traded once to target (as E14/E15). POST-HOC,hedge_target=True,2.787,2.629,2.377,1.06,3/6,4/5,0.17/0.02,False,-25.01,1.719,FAIL
W08,holistic_gbm_rerank,W4 (user request: holistic model),"Holistic test: one gradient-boosted model (sklearn HistGradientBoostingRegressor, fixed hyper-params: max_iter=200, lr=0.05, max_leaf_nodes=15, min_samples_leaf=200, l2=1.0; no tuning) on ALL features at once - S0, idio336 pct, funding pct, funding change 3d, flow72 pct, ret 24/72/168h resid, idio share, near-high, 168h beta, vol-spike ratio, max |z| 8h, var-ratio, 24h volume pct, settlement-phase drift, universe size - all pct-ranked inside M at offset-0 rebalance rows. Target: cross-sectional pct rank of forward residual return rows i+2..i+73 (72h). Walk-forward: model for year Y trained only on rows with target window ending before Jan 1 of Y (2021..2025; 2020 not traded -> uses B-MV). Use: re-rank ONLY inside the book's candidate sets (short: from top NS+8 by S0 keep the NS lowest predicted; long: from bottom NL+8 keep the NL highest predicted); S0 selection otherwise unchanged. Pre-screen: OOS rank IC of prediction inside the candidate sets, each year 2021-25, must be >0 on average with NW t>=1.5; then 8-clock book trial on 2021-2025 vs B-MV, same adoption bar.",fixed hyper-params,2.502,2.314,2.013,-1.68,2/6,2/5,-1.09/-3.26,False,-30.18,0.992,"pre-screen PASS (in-cand IC 0.065 t11.7, no leak) but book FAIL (t -1.68)"
W09,short_lowflow_tiebreak_POSTHOC,W4,"POST-HOC reversal of W02 after its pre-screen came out with the OPPOSITE sign in both halves (swap +18.9bp IS t2.7, +5.1bp OOS t1.2): from cand_S keep the NS names with the LOWEST pct(flow72) instead of dropping them (i.e. avoid shorting marginal names with heavy volume-backed rallies = squeeze risk). Book trial, same bar; flagged as data-mined",drop the 8 highest-flow of cand_S,2.476,2.263,1.922,-1.68,1/6,1/5,-0.26/-4.74,False,-27.41,1.072,FAIL
W10,reweight_band,W4,"Cost/structure idea (lesson from W06: cutting noise-trading works, changing holdings does not). minvar_floor re-weights CONTINUING names at every rebalance (small |dw| from covariance drift) and charges 5.5bp on each. Rule: at a rebalance, a coin held on the same side before and after keeps its old weight if |w_new - w_old| < band * |w_old|; entries/exits and sign flips are untouched (unlike the failed T25 partial rebalance, which also slowed entries). Leg sums may drift slightly from 0.45/0.55 (disclosed). Family band in {0.15, 0.30, 0.50}, primary 0.30; walk-forward over the family; plateau = the other two.",band=0.30 (family 0.15/0.30/0.50),,,,,,,,,,,
W11,production_combo,W4,Execution/cost-only combination of what was positive or adopted: W06 hedge band 0.03 + W10 reweight band 0.30 + TWAP3 (E02). Judged vs B-MV (same bar) and reported vs W06. No new parameters.,"hedge_band=0.03, rew_band=0.30, TWAP3",,,,,,,,,,,
