family,wf_SR,base_SR,t,picks
TWAP,2.631,2.591,1.17,2021:E03 2022:E03 2023:E03 2024:E03 2025:E03
TWAP+BMV,2.631,2.591,1.17,2021:E03 2022:E03 2023:E03 2024:E03 2025:E03
SE_delay,2.533,2.591,-1.63,2021:E06 2022:E07 2023:E07 2024:E07 2025:E07
SE_delay+BMV,2.542,2.591,-2.49,2021:BMV 2022:E07 2023:E07 2024:E07 2025:BMV
VOLSPIKE_both,2.45,2.591,-1.96,2021:V01 2022:V05 2023:V05 2024:V05 2025:V05
VOLSPIKE_both+BMV,2.45,2.591,-1.96,2021:V01 2022:V05 2023:V05 2024:V05 2025:V05
JUMP_both,2.502,2.591,-1.68,2021:V09 2022:V10 2023:V10 2024:V10 2025:V10
JUMP_both+BMV,2.539,2.591,-1.26,2021:V09 2022:V10 2023:BMV 2024:BMV 2025:BMV
EXEC_menu_all,2.6,2.591,-0.17,2021:E04 2022:E03 2023:E03 2024:E03 2025:E03
EXEC_menu_all+BMV,2.6,2.591,-0.17,2021:E04 2022:E03 2023:E03 2024:E03 2025:E03
FILTER_menu_all,2.45,2.591,-1.96,2021:V01 2022:V05 2023:V05 2024:V05 2025:V05
FILTER_menu_all+BMV,2.45,2.591,-1.96,2021:V01 2022:V05 2023:V05 2024:V05 2025:V05
